:020000040800F2
:1000000000000220493A0008153300081D3300089B
:10001000253300082D3300083533000800000000A8
:100020000000000000000000000000003D33000858
:100030004B33000800000000593300086733000804
:10004000993A0008993A0008993A0008993A000844
:10005000993A0008993A0008993A0008993A000834
:10006000993A0008993A0008993A0008753300084F
:10007000993A0008993A0008993A0008993A000814
:10008000993A0008893300089D33000800000000F9
:10009000000000000000000000000000993A000885
:1000A000B1330008C5330008D9330008ED33000828
:1000B0000134000815340008293400083D340008D4
:1000C00051340008993A0008993A0008993A000812
:1000D000993A000865340008993A000800000000C9
:1000E000993A0008993A0008993A0008000000007F
:1000F000000000000000000000000000993A000825
:1001000000000000993A0008993A0008993A00085E
:1001100000000000000000000000000000000000DF
:1001200079340008993A0008993A0008993A000889
:10013000993A0008000000000000000000000000E4
:100140000000000000000000000000008D340008E6
:10015000993A0008993A0008993A0008993A000833
:10016000993A0008993A00080000000000000000D9
:10017000000000000000000000000000000000007F
:1001800000000000993A0008000000000000000094
:08019000993A0008993A0008B1
:1001A00010B5054C237833B9044B13B10448AFF3B1
:1001B00000800123237010BD840100200000000096
:1001C000A405010808B5034B1BB103490348AFF36D
:1001D000008008BD0000000088010020A40501087F
:1001E00001F0FF01102A2BDB10F0070F08D010F8E8
:1001F000013B013A8B422DD010F0070F42B3F6D1EC
:10020000F0B441EA012141EA014122F007047FF004
:1002100000070023F0E80256083C85EA010586EA5B
:10022000010685FA47F5A3FA87F586FA47F6A5FA97
:1002300087F68EB9EED1F0BC01F0FF0102F00702A3
:1002400032B110F8013B013A83EA010313B1F8D14E
:100250000020704701387047002D06BF354603382F
:10026000073815F0010F07D1013015F4807F02BF68
:10027000013015F4C03F0130F0BC0138704700BFB9
:1002800070B54FF0FF0C4CF4E06C1CEA11541DBF2C
:100290001CEA135594EA0C0F95EA0C0F00F0DEF8F7
:1002A0002C4481EA030621EA4C5123EA4C5350EADC
:1002B000013518BF52EA033541F4801143F480132D
:1002C00038D0A0FB02CE4FF00005E1FB02E506F0BE
:1002D0000042E0FB03E54FF00006E1FB03569CF013
:1002E000000F18BF4EF0010EA4F1FF04B6F5007F19
:1002F00064F5407404D25FEA4E0E6D4146EB06068B
:1003000042EAC62141EA55514FEAC52040EA5E5013
:100310004FEACE2EB4F1FD0C88BFBCF5E06F1ED8BD
:10032000BEF1004F08BF5FEA500E50F1000041EBF4
:10033000045170BD06F0004646EA010140EA0200A1
:1003400081EA0301B4EB5C04C2BFD4EB0C0541EAC3
:10035000045170BD41F480114FF0000E013C00F3D8
:10036000AB8014F1360FDEBF002001F0004170BDFC
:10037000C4F10004203C35DA0C341BDC04F1140415
:10038000C4F1200500FA05F320FA04F001FA05F2A1
:1003900040EA020001F0004221F0004110EBD3706E
:1003A00021FA04F642EB06015EEA430E08BF20EA9A
:1003B000D37070BDC4F10C04C4F1200500FA04F33D
:1003C00020FA05F001FA04F240EA020001F00041CF
:1003D00010EBD37041F100015EEA430E08BF20EA42
:1003E000D37070BDC4F1200500FA05F24EEA020E8A
:1003F00020FA04F301FA05F243EA020321FA04F0B9
:1004000001F0004121FA04F220EA020000EBD3706F
:100410005EEA430E08BF20EAD37070BD94F0000F6F
:100420000FD101F00046400041EB010111F4801FA3
:1004300008BF013CF7D041EA060195F0000F18BF54
:10044000704703F00046520043EB030313F4801F90
:1004500008BF013DF7D043EA0603704794EA0C0F4A
:100460000CEA135518BF95EA0C0F0CD050EA410660
:1004700018BF52EA4306D1D181EA030101F00041DD
:100480004FF0000070BD50EA410606BF1046194605
:1004900052EA430619D094EA0C0F02D150EA013611
:1004A00013D195EA0C0F05D152EA03361CBF104652
:1004B00019460AD181EA030101F0004141F0FE41F1
:1004C00041F470014FF0000070BD41F0FE4141F475
:1004D000780170BD81F0004102E000BF83F000436D
:1004E00030B54FEA41044FEA430594EA050F08BFCF
:1004F00090EA020F1FBF54EA000C55EA020C7FEA93
:10050000645C7FEA655C00F0E2804FEA5454D4EB0F
:100510005555B8BF6D420CDD2C4480EA020281EAD9
:10052000030382EA000083EA010180EA020281EA11
:100530000303362D88BF30BD11F0004F4FEA013163
:100540004FF4801C4CEA113102D0404261EB410172
:1005500013F0004F4FEA03334CEA133302D05242F8
:1005600063EB430394EA050F00F0A780A4F10104B4
:10057000D5F1200E0DDB02FA0EFC22FA05F28018EE
:1005800041F1000103FA0EF2801843FA05F35941D4
:100590000EE0A5F120050EF1200E012A03FA0EFC53
:1005A00028BF4CF0020C43FA05F3C01851EBE3717D
:1005B00001F0004507D54FF0000EDCF1000C7EEB9A
:1005C00000006EEB0101B1F5801F1BD3B1F5001FD8
:1005D0000CD349085FEA30004FEA3C0C04F10104F7
:1005E0004FEA445212F5800F80F09A80BCF1004F20
:1005F00008BF5FEA500C50F1000041EB045141EAA2
:10060000050130BD5FEA4C0C404141EB0101013C6A
:1006100028BFB1F5801FE9D291F0000F04BF014659
:100620000020B1FA81F308BF2033A3F10B03B3F12B
:1006300020020CDA0C3208DD02F1140CC2F10C02BB
:1006400001FA0CF021FA02F10CE002F11402D8BF19
:10065000C2F1200C01FA02F120FA0CFCDCBF41EAE5
:100660000C019040E41AA2BF01EB0451294330BDB4
:100670006FEA04041F3C1CDA0C340EDC04F1140491
:10068000C4F1200220FA04F001FA02F340EA030068
:1006900021FA04F345EA030130BDC4F10C04C4F1AE
:1006A000200220FA02F001FA04F340EA030029468E
:1006B00030BD21FA04F0294630BD94F0000F83F4D8
:1006C000801306BF81F480110134013D4EE77FEABB
:1006D000645C18BF7FEA655C29D094EA050F08BF07
:1006E00090EA020F05D054EA000C04BF19461046E8
:1006F00030BD91EA030F1EBF0021002030BD5FEA2C
:10070000545C05D14000494128BF41F0004130BD53
:1007100014F580043CBF01F5801130BD01F00045A7
:1007200045F0FE4141F470014FF0000030BD7FEA1A
:10073000645C1ABF194610467FEA655C1CBF0B4615
:10074000024650EA013406BF52EA033591EA030F2C
:1007500041F4002130BD00BF90F0000F04BF002124
:10076000704730B54FF4806404F132044FF0000557
:100770004FF0000150E700BF90F0000F04BF0021D0
:10078000704730B54FF4806404F1320410F0004536
:1007900048BF40424FF000013EE700BF42004FEA31
:1007A000E2014FEA31014FEA02701FBF12F07F43AE
:1007B00093F07F4F81F06051704732F07F4208BF65
:1007C000704793F07F4F04BF41F40021704730B56C
:1007D0004FF4607401F0004521F000411CE700BFB8
:1007E00050EA010208BF704730B54FF000050AE03B
:1007F00050EA010208BF704730B511F0004502D53C
:10080000404261EB41014FF4806404F132045FEA3D
:10081000915C3FF4D8AE4FF003025FEADC0C18BFE6
:1008200003325FEADC0C18BF033202EBDC02C2F1D8
:10083000200300FA03FC20FA02F001FA03FE40EA6A
:100840000E0021FA02F11444BDE600BF4FEA410256
:1008500012F5001215D211D56FF47873B3EB625212
:1008600012D94FEAC12343F0004343EA505311F039
:10087000004F23FA02F018BF404270474FF00000CB
:10088000704750EA013005D111F0004008BF6FF009
:10089000004070474FF00000704700BF53B94AB99D
:1008A000002908BF00281CBF4FF0FF314FF0FF3078
:1008B00000F088B9ADF1080C6DE904CE00F006F83F
:1008C000DDF804E0DDE9022304B070472DE9F047CC
:1008D000089D8E4604468846002B4AD18A42174618
:1008E00062D9B2FA82F64EB1C6F1200301FA06F8D7
:1008F00020FA03F3B74043EA0808B4404FEA174E22
:100900001FFA87FCB8FBFEF1230C0EFB118843EAAB
:10091000084301FB0CF29A4209D9FB1801F1FF30A0
:1009200080F0EA809A4240F2E78002393B449A1A0A
:10093000A3B2B2FBFEF00EFB102243EA024300FB1F
:100940000CFC9C4509D9FB1800F1FF3280F0D680E1
:100950009C4540F2D3803B44023840EA0140A3EB7F
:100960000C0300211DB1F3400022C5E90032BDE8AF
:10097000F0878B4205D90DB1C5E900010021084679
:10098000F5E7B3FA83F1002946D1734502D38242D9
:1009900000F20581841A6EEB030201209046002DBF
:1009A000E5D0C5E90048E2E7002A00F09080B2FAFD
:1009B00082F6002E40F0A4808A1A030C4FEA174EEC
:1009C00080B2BCB20121B2FBFEFC0EFB1C2243EA4A
:1009D000024304FB0CF29A4207D9FB180CF1FF38D2
:1009E00002D29A4200F2E080C4469B1AB3FBFEF2A8
:1009F0000EFB123340EA034302FB04F49C4207D986
:100A0000FB1802F1FF3002D29C4200F2CA8002467B
:100A10001B1B42EA0C40A5E7C1F120068B4022FADD
:100A200006F71F430EFA01F420FA06F32EFA06FE2B
:100A30004FEA1749234300FA01F81FFA87FCBEFB6F
:100A4000F9F01C0C09FB10EE44EA0E4400FB0CFE0E
:100A5000A64502FA01F209D93C1900F1FF3A80F0EB
:100A60009C80A64540F2998002383C44A4EB0E04D9
:100A70001FFA83FEB4FBF9F309FB13444EEA044466
:100A800003FB0CFCA44508D93C1903F1FF3E80F0A0
:100A90008280A4457FD9023B3C4443EA0040A4EB5A
:100AA0000C04A0FB02EC64457346E14662D35FD0C0
:100AB0005DB1B8EB030264EB090404FA06F622FA0E
:100AC00001F31E43CC40C5E9006400214FE7B1FBB0
:100AD000F2FC010C41EA0E4180B240EA01423B4681
:100AE00038463C46B846BE462026B1FBF7F1A2EB9D
:100AF000080241EA0C4166E7014618E710462CE778
:100B0000C6F120022EFA02F3B740B14020FA02F2F9
:100B10004FEA174E0A43B3FBFEF8BCB20EFB183384
:100B2000110C41EA034108FB04F9B04089454FEA42
:100B3000104380B23ED9791808F1FF3C01D28945B3
:100B40001FD8A1EB0901B1FBFEF909FB04F80EFB6C
:100B5000191192B242EA0142424529D2BA1809F16A
:100B6000FF31C4D24245C2D2A9F102013A44BEE7E4
:100B7000F0459DD2BEEB02036CEB070C0138E14659
:100B800096E7A7EB09094944A8F1020CB1FBFEF96D
:100B900009FB04F8DBE773467FE7504666E7084643
:100BA000FDE63B44023A33E7ACF1020C3B441CE760
:100BB00049469CE7A1EB0901C446B1FBFEF909FBDC
:100BC00004F8C4E7704700BF80B400AF134B1B6844
:100BD000002B04D0114B1B68013B104A1360104BD3
:100BE0001B68002B0BD00E4B1B68013B0C4A13609B
:100BF0000B4B1B68002B02D10A4B00221A700A4BC8
:100C00001B68002B04D0084B1B68013B064A13608D
:100C100000BFBD465DF8047B704700BFA001002007
:100C2000A4010020AC010020A801002080B485B000
:100C300000AF78600023FB600AE00A4AFB6832F8E4
:100C40001310094AFB6822F81310FB680133FB609C
:100C5000FB68072BF1DD00BF00BF1437BD465DF810
:100C6000047B7047D4040020E404002080B483B0E7
:100C700000AF7860044B01221A7000BF0C37BD46EC
:100C80005DF8047B704700BF1107002080B483B07B
:100C900000AF7860044B01221A7000BF0C37BD46CC
:100CA0005DF8047B704700BF1207002080B582B05A
:100CB00000AF78607B681B682A4A934216D12A4BA2
:100CC0001B780133DAB2284B1A70274B1B78282B7C
:100CD00007D1254B00221A70244A137843F0800371
:100CE000137008222249234803F0C2F87B681B686E
:100CF000B3F1804F32D1204B1B781A461F4B012194
:100D000099541D4B1B780133DAB21B4B1A701A4BE6
:100D10001B7803F00F03DAB2174B1A70184B1B78CD
:100D2000013BDAB2164B1A70154B1B78002B15D10C
:100D3000134B05221A70104B1B781A460F4B0021DB
:100D400099540D4B1B780133DAB20B4B1A700A4BD6
:100D50001B7803F00F03DAB2074B1A7000BF083795
:100D6000BD4680BD00000140D004002010070020D7
:100D7000D4040020B001002030070020200700200C
:100D80002A00002090B484B000AF7860396000235E
:100D9000FB7318E0FB7B7A681A44104B19680F4B01
:100DA0005B79581CC4B20D4844710B4412781A7018
:100DB0000A4B5A79094B9B791340DAB2074B5A71A7
:100DC000FB7B0133FB73FB7B3A689A42E2D800BF9E
:100DD00000BF1037BD4690BC704700BF0005002023
:100DE00080B5C2B000AF224B1A79214B5B799A4291
:100DF00039D01F4802F0F2FC0346002B03D01D49F6
:100E00001B4800F039F8002387F807311DE0194B23
:100E10001A68184B1B7A591CC8B2164908721A4432
:100E200097F80731117807F58472A2F58272D154D0
:100E3000104B1A7A0F4B9B791340DAB20D4B1A7292
:100E400097F80731013387F807310A4BDB7997F8B8
:100E500007219A42DBD3074BDB791A463B1D11462B
:100E600018460EF089FA00BF07F58477BD4680BDAD
:100E700000050020F404002080B582B000AF786047
:100E800039607B681B687A68127A13441B78F03BE0
:100E9000042B00F29F8101A252F823F0B10E00084A
:100EA000D10E0008F10E0008D50F0008111100083E
:100EB0000222F021386802F03BFB0D21386802F075
:100EC000E6FB3B685B7A1946386802F0E0FB97E185
:100ED0000D22F121386802F02BFB8449386802F0BA
:100EE00004FC3B685B7A1946386802F0D0FB87E166
:100EF0000D22F221386802F01BFB7D4BB3F9002074
:100F00007C4B1A807B4B1B781946386802F0BFFB7C
:100F1000784B5B781946386802F0B9FB764BB3F929
:100F20000020744B1A80734B1B781946386802F006
:100F3000AEFB704B5B781946386802F0A8FB6F4B2C
:100F4000B3F900206B4B1A806A4B1B78194638683E
:100F500002F09DFB674B5B781946386802F097FBFF
:100F6000674BB3F90020634B1A80624B1B7819461C
:100F7000386802F08CFB5F4B5B781946386802F0EA
:100F800086FB604BB3F900205A4B1A80594B1B78F3
:100F90001946386802F07BFB564B5B781946386877
:100FA00002F075FB584BB3F90020524B1A80514B9D
:100FB0001B781946386802F06AFB4E4B5B7819467D
:100FC000386802F064FB3B685B7A1946386802F0C7
:100FD0005EFB15E11122F321386802F0A9FA4B4BB0
:100FE0001A88444B1A80434B1B781946386802F024
:100FF0004EFB404B5B781946386802F048FB434B88
:101000005A883C4B1A803B4B1B781946386802F0D3
:101010003EFB384B5B781946386802F038FB3B4B97
:101020009A88344B1A80334B1B781946386802F083
:101030002EFB304B5B781946386802F028FB334BA7
:10104000DA882C4B1A802B4B1B781946386802F033
:101050001EFB284B5B781946386802F018FB2B4BB7
:101060001A89244B1A80234B1B781946386802F0E2
:101070000EFB204B5B781946386802F008FB234BC7
:101080005A891C4B1A801B4B1B781946386802F092
:10109000FEFA184B5B781946386802F0F8FA1B4BD9
:1010A0009A89144B1A80134B1B781946386802F042
:1010B000EEFA104B5B781946386802F0E8FA134BE9
:1010C000DA890C4B1A800B4B1B781946386802F0F2
:1010D000DEFA084B5B781946386802F0D8FA3B68AC
:1010E0005B7A1946386802F0D2FA89E0F01A0108F2
:1010F000140700200C070020160700201807002006
:101100001A0700201C0700201E070020E40400200E
:101110000222F421386802F00BFA0D21386802F03F
:10112000B6FA3B685B7A1946386802F0B0FA0022DA
:101130000121786802F01DFB03461A46324B1A70F3
:1011400000220121786802F014FB03461A462E4B58
:101150005A7000220121786802F00BFB03461A4600
:10116000294B9A7000220121786802F002FB0346A5
:101170001A46254BDA70244B1B681A46234B1A601B
:1011800000220121786802F0F4FA03461A461E4B49
:101190001A7000220121786802F0EBFA03461A4621
:1011A000194B5A7000220121786802F0E2FA0346D6
:1011B0001A46154B9A7000220121786802F0D9FA7C
:1011C00003461A46104BDA700F4B1B681A46104B39
:1011D0001A6015E07B681B687A68127A13441B78E2
:1011E00002221946386802F0A3F9FF21386802F09C
:1011F0004EFA3B685B7A1946386802F048FA00BF3D
:1012000000BF0837BD4680BD0C070020380700200E
:101210003407002080B500AF1A4B1B7823F07F0302
:10122000DBB2002B2CD0174A137823F08003137005
:10123000154B1B78013BDAB2134B1A70134B1B781A
:10124000013BDAB2114B1A70FFF7BEFC0F4B1B7853
:10125000002B07D10D4B02221A700A4A137843F073
:1012600040031370084B1B78002B09D1064B0A2250
:101270001A70044A137843F02003137000F008F842
:1012800000BF80BD1007002028000020290000209A
:1012900080B500AF0F4B1B68DB430F4A1278114635
:1012A00001228A401340002B04D04FF400510B4818
:1012B00004F005F8084B1B780133DAB2064B1A70BC
:1012C000054B1B7803F01F03DAB2034B1A7000BF03
:1012D00080BD00BF000000203C0700200008024045
:1012E00080B586B004AF396011461A460346FB71DB
:1012F0000B46BB7113467B71FB7999B27B799AB22D
:10130000BB799BB24FF0FF30029001933B68009392
:101310000123034804F048F900BF0837BD4680BDEB
:101320005802002080B584B002AF396011461A46D9
:101330000346FB710B46BB7113467B71FB7999B277
:101340007B799AB2BB799BB201933B6800930123EE
:10135000034804F023FA00BF0837BD4680BD00BF34
:101360005802002080B586B004AF396011461A4695
:101370000346FB710B46BB7113467B71FB7999B237
:101380007B799AB2BB799BB24FF0FF300290019308
:101390003B6800930123034804F006F900BF0837B7
:1013A000BD4680BD5802002080B584B002AF3960D0
:1013B00011461A460346FB710B46BB7113467B71FF
:1013C000FB7999B27B799AB2BB799BB201933B6866
:1013D00000930123034804F03FFB00BF0837BD46DC
:1013E00080BD00BF5802002080B586B002AF002348
:1013F000FB730223BB73012001F058FA0023009312
:101400004023202200211E2001F080FC00230093B5
:10141000162380221421002001F078FC0023009381
:10142000402352220021502001F070FC2823BB737E
:101430000023FB73FA7BBB7B1146184601F0E2FBED
:101440003B1DB44A082118460EF0F8FBB24B381D7C
:10145000002200920ECB01F0AFFB5523BB73FA7B49
:10146000BB7B1146184601F0CDFB3B1DAB4A082162
:1014700018460EF0E3FBA84B381D002200920ECB5D
:1014800001F09AFB2823BB73FB7B1933FB73FA7BB8
:10149000BB7B1146184601F0B5FBA14BB3F90030F8
:1014A000381DA04A08210EF0C9FB9F4B381D0022B1
:1014B00000920ECB01F080FB5523BB73FA7BBB7B04
:1014C0001146184601F09EFB984BB3F90030381DC9
:1014D000944A08210EF0B2FB934B381D0022009273
:1014E0000ECB01F069FB2823BB73FB7B0C33FB7332
:1014F000FA7BBB7B1146184601F084FB8C4BB3F999
:101500000030381D874A08210EF098FB864B381DA5
:10151000002200920ECB01F04FFB5523BB73FA7BE8
:10152000BB7B1146184601F06DFB824BB3F90030CE
:10153000381D7C4A08210EF081FB7B4B381D0022B0
:1015400000920ECB01F038FB2823BB73FB7B0C33DE
:10155000FB73FA7BBB7B1146184601F053FB764BBD
:10156000B3F90030381D6F4A08210EF067FB6E4B4F
:10157000381D002200920ECB01F01EFB5523BB73D9
:10158000FA7BBB7B1146184601F03CFB6B4BB3F971
:101590000030381D634A08210EF050FB624B381DA5
:1015A000002200920ECB01F007FB654B1B88654AB9
:1015B000A2FB0323DB0A9BB2DBB21A461B01D31A40
:1015C0005B00DBB23C33DBB20022009203223C2101
:1015D000032001F02FFB5A4B5B885A4AA2FB0323DE
:1015E000DB0A9BB2DBB21A461B01D31A5B00DBB2EB
:1015F0003C33DBB20022009206223C21062001F09F
:1016000019FB4F4B9B884F4AA2FB0323DB0A9BB27B
:10161000DBB21A461B01D31A5B00DBB23C33DBB2F0
:101620000022009209223C21092001F003FB444BD7
:10163000DB88444AA2FB0323DB0A9BB2DBB21A46D7
:101640001B01D31A5B00DBB23C33DBB200220092F9
:101650000C223C210C2001F0EDFA394B1B89394A50
:10166000A2FB0323DB0A9BB2DBB21A461B01D31A8F
:101670005B00DBB23C33DBB2002200920F223C2144
:101680000F2001F0D7FA2E4B5B892E4AA2FB0323D1
:10169000DB0A9BB2DBB21A461B01D31A5B00DBB23A
:1016A0003C33DBB20022009212223C21122001F0D6
:1016B000C1FA234B9B89234AA2FB0323DB0A9BB27B
:1016C000DBB21A461B01D31A5B00DBB23C33DBB240
:1016D0000022009215223C21152001F0ABFA184B94
:1016E000DB89184AA2FB0323DB0A9BB2DBB21A4652
:1016F0001B01D31A5B00DBB23C33DBB20022009249
:1017000018223C21182001F095FA00BF1037BD4681
:1017100080BD00BFBC050108E41A0108C00501082E
:1017200014070020C4050108D81A01081A07002070
:10173000160700201C070020180700201E070020A5
:10174000E40400200712308080B582B002AF434B22
:101750001B78032B74D801A252F823F06D170008F0
:10176000D9170008E5170008091800083C4B1A783B
:101770003C4B1B789A4267D0394B1B781A463A4B40
:101780009B5C002B10D0354B03221A70344B1B7816
:101790000133DAB2324B1A70314B1B7803F00F036E
:1017A000DAB22F4B1A7056E02D4B1B781A462E4B8F
:1017B0009B5C002B4AD1294B01221A70284B1B78C5
:1017C0000133DAB2264B1A70254B1B7803F00F0356
:1017D000DAB2234B1A7039E0FFF706FE1F4B0222E4
:1017E0001A7038E0214804F033FD0346202B2FD136
:1017F00001F09CF80346002B2AD01D4B00221A70E2
:10180000164B00221A7023E0184804F021FD03460D
:10181000202B1FD100F060FD0346002B1AD0154B82
:101820000193154B0093154B154A1649164800F0C5
:1018300005FF164B00221A70084B00221A7009E0AF
:10184000064B00221A7006E000BF04E000BF02E071
:1018500000BF00E000BF00BFBD4680BD3D070020C7
:101860003E070020300700202007002058020020FB
:10187000110700201E0700201C0700201A07002067
:101880001807002016070020140700201207002068
:1018900080B483B000AF164B1B6842F20F7202FB9C
:1018A00003F3144AA2FB03235B097B60124B1B6802
:1018B00042F20F7202FB03F30E4AA2FB03235B0901
:1018C0003B600E4B1B687A685A630C4B1B687A6846
:1018D0009A630A4B1B683A68DA63084B1B683A68DC
:1018E0001A6400BF0C37BD465DF8047B704700BF2B
:1018F000380700201F85EB5134070020FC0300202F
:1019000080B500AF02F0CAF800F084F800F0FCFBEC
:1019100000F0BCFB00F0E6F800F098F900F0C4F924
:101920000DF010FC00F026FA00F088FA00F034FB0D
:1019300000F080FB26480DF057FD264808F07AFAA3
:10194000254808F077FA254808F074FA244808F08A
:1019500071FA0021214808F029FB04211F4808F0F2
:1019600025FB08211D4808F021FB0C211B4808F02D
:101970001DFB01224FF400511A4803F087FC1A485E
:1019800000F01AFF194800F007FF194800F0F4FEB4
:1019900000F022FF174800F02DFC174800F03AFC39
:1019A000164800F047FC00F07FFC154B154A16491D
:1019B000164802F011F8164B00221A70FFF72AFCA5
:1019C000FFF70EFAFFF764FFFFF7BEFE00BFF5E773
:1019D000850D00086C030020B4030020FC030020E8
:1019E000440400200008024011070020E112000812
:1019F000251300081207002065130008A91300082A
:101A00000C0500200C060020F40400200005002036
:101A10001007002080B594B000AF07F120033022FA
:101A2000002118460EF040F907F10C0300221A605D
:101A30005A609A60DA601A610023BB60274B1B6C06
:101A4000264A43F080531364244B1B6C03F08053ED
:101A5000BB60BB6800237B60214B1B68204A43F4BA
:101A6000404313601E4B1B6803F440437B607B685C
:101A700001233B624FF480337B620223BB634FF44C
:101A80008003FB6319233B64C0237B640223BB6494
:101A90000423FB6407F12003184607F023FD0346E7
:101AA000002B01D000F0A0FB0F23FB6002233B6161
:101AB00000237B614FF48053BB610023FB6107F17E
:101AC0000C030321184607F085FF0346002B01D0C5
:101AD00000F08AFB00BF5037BD4680BD0038024091
:101AE0000070004080B584B000AF3B4600221A6011
:101AF0005A609A60DA60524B524A1A60504B4FF467
:101B000080325A604E4B00229A604D4B01221A617E
:101B10004B4B00221A764A4B002283F82020484B78
:101B20000022DA62464B484A9A62454B0022DA604C
:101B3000434B0822DA61424B012283F83020404BAC
:101B400001225A613E4802F03FF80346002B01D0C3
:101B500000F04AFB00233B6001237B600023BB6055
:101B60003B461946364802F095FA0346002B01D051
:101B700000F03AFB01233B6002237B603B461946A1
:101B80002F4802F087FA0346002B01D000F02CFB0F
:101B900002233B6003237B603B461946284802F042
:101BA00079FA0346002B01D000F01EFB03233B60B3
:101BB00004237B603B461946214802F06BFA03463A
:101BC000002B01D000F010FB04233B6005237B6059
:101BD0003B4619461A4802F05DFA0346002B01D035
:101BE00000F002FB05233B6006237B603B46194661
:101BF000134802F04FFA0346002B01D000F0F4FA2C
:101C000006233B6007237B603B4619460C4802F0E5
:101C100041FA0346002B01D000F0E6FA07233B60AF
:101C200008237B603B461946054802F033FA034619
:101C3000002B01D000F0D8FA00BF1037BD4680BDA0
:101C4000B0010020002001400100000F80B500AF6E
:101C5000124B134A1A60114B124A5A600F4B002262
:101C60009A600E4B0022DA600C4B4FF480421A61EE
:101C70000A4B00225A61094B00229A61074B00224D
:101C8000DA61064B00221A62044803F033FB034674
:101C9000002B01D000F0A8FA00BF80BD5802002040
:101CA00000540040801A060080B58CB000AF07F1E8
:101CB000200300221A605A609A60DA6007F10C0370
:101CC00000221A605A609A60DA601A613B1D002295
:101CD0001A605A60254B264A1A60244B5F225A60CC
:101CE000224B00229A60214BF922DA601F4B00221E
:101CF0001A611E4B00225A611C4B00229A611B483C
:101D000008F048F80346002B01D000F06DFA4FF4BC
:101D100080533B6207F120031946144808F0A8FBE2
:101D20000346002B01D000F05FFA0023FB60002384
:101D30003B6107F10C0319460C4808F060FC0346B0
:101D4000002B01D000F050FA00237B600023BB6021
:101D50003B1D1946054809F01FF80346002B01D02A
:101D600000F042FA00BF3037BD4680BD6C03002052
:101D70000000014080B58CB000AF07F120030022C5
:101D80001A605A609A60DA6007F10C0300221A6048
:101D90005A609A60DA601A613B1D00221A605A602C
:101DA000254B4FF080421A60234B5F225A60224B32
:101DB00000229A60204B44F61F62DA601E4B00221C
:101DC0001A611D4B00229A611B4807F0E3FF03468E
:101DD000002B01D000F008FA4FF480533B6207F16A
:101DE00020031946144808F043FB0346002B01D09A
:101DF00000F0FAF90023FB6000233B6107F10C03BC
:101E000019460D4808F0FBFB0346002B01D000F0FB
:101E1000EBF900237B600023BB603B1D194606489D
:101E200008F0BAFF0346002B01D000F0DDF900BF37
:101E30003037BD4680BD00BFB403002080B592B0EE
:101E400000AF07F1380300221A605A609A60DA6026
:101E500007F1240300221A605A609A60DA601A615E
:101E600007F11C0300221A605A603B4600221A60E8
:101E70005A609A60DA601A615A619A61444B454A25
:101E80001A60434B5F225A60414B00229A60404BDC
:101E900042F20F72DA603E4B00221A613C4B002284
:101EA0009A613B4807F076FF0346002B01D000F013
:101EB0009BF94FF48053BB6307F13803194634484C
:101EC00008F0D6FA0346002B01D000F08DF9304817
:101ED00008F012F80346002B01D000F085F900232A
:101EE0007B620023BB6207F124031946284808F0EF
:101EF00086FB0346002B01D000F076F90023FB613E
:101F000000233B6207F11C031946214808F044FFF7
:101F10000346002B01D000F067F960233B600023EB
:101F20007B600023BB6000233B613B4600221946D7
:101F3000174808F0DBF90346002B01D000F054F9F4
:101F40003B4604221946124808F0D0F90346002BFC
:101F500001D000F049F93B46082219460C4808F028
:101F6000C5F90346002B01D000F03EF93B460C2298
:101F70001946074808F0BAF90346002B01D000F0D3
:101F800033F9034801F03CF900BF4837BD4680BD36
:101F9000FC0300200004004080B586B000AF07F1CC
:101FA000080300221A605A609A60DA603B460022F9
:101FB0001A605A601D4B1E4A1A601C4BBF225A60A1
:101FC0001A4B00229A60194B4CF24F32DA60174BD1
:101FD00000221A61154B00229A61144807F0DAFEBC
:101FE0000346002B01D000F0FFF84FF48053BB6094
:101FF00007F1080319460D4808F03AFA0346002B8A
:1020000001D000F0F1F800233B6000237B603B46E9
:102010001946064808F0C0FE0346002B01D000F028
:10202000E3F800BF1837BD4680BD00BF4404002060
:102030000008004080B500AF124B134A1A60114BE4
:102040004FF4E1325A600F4B00229A600D4B002290
:10205000DA600C4B00221A610A4B0C225A61094BC0
:1020600000229A61074B0022DA61064B00221A62B5
:10207000044808F013FF0346002B01D000F0B4F829
:1020800000BF80BD8C0400200010014080B582B0EC
:1020900000AF00237B601B4B1B6B1A4A43F4800389
:1020A0001363184B1B6B03F480037B607B68002376
:1020B0003B60144B1B6B134A43F400131363114B27
:1020C0001B6B03F400133B603B68002200210B20D4
:1020D00002F075FB0B2002F08EFB00220021112084
:1020E00002F06DFB112002F086FB00220021382057
:1020F00002F065FB382002F07EFB00BF0837BD46CA
:1021000080BD00BF0038024080B58AB000AF07F143
:10211000140300221A605A609A60DA601A61002380
:102120003B612E4B1B6B2D4A43F0040313632B4B77
:102130001B6B03F004033B613B690023FB60274BEF
:102140001B6B264A43F080031363244B1B6B03F085
:102150008003FB60FB680023BB60204B1B6B1F4AA6
:1021600043F0010313631D4B1B6B03F00103BB60C2
:10217000BB6800237B60194B1B6B184A43F00203BA
:102180001363164B1B6B03F002037B607B6800221A
:102190004FF40051124803F079F84FF400537B617B
:1021A0000123BB610023FB6100233B6207F11403A1
:1021B00019460B4802F0E6FE4FF400437B61002312
:1021C000BB610023FB6107F114031946054802F0C7
:1021D000D9FE00BF2837BD4680BD00BF0038024091
:1021E000000802400004024080B400AF72B600BF95
:1021F00000BFFDE780B483B000AF7860044A7B681D
:10220000136000BF0C37BD465DF8047B704700BF0C
:102210004007002080B483B000AF7860044A7B6838
:10222000136000BF0C37BD465DF8047B704700BFEC
:102230004407002080B483B000AF7860044A7B6814
:10224000136000BF0C37BD465DF8047B704700BFCC
:102250004807002090B583B000AF78600B46FB7054
:10226000054B1C68FB7801227968D020A04700BF8D
:102270000C37BD4690BD00BF4407002090B585B027
:1022800000AFF860B9601346FB71064B1C68BB6871
:10229000DAB2FB79F968D020A04700BF1437BD46F9
:1022A00090BD00BF4807002080B582B000AF00237A
:1022B000FB71FB1D6B211846FFF7CCFFFB1D1C219A
:1022C0001846FFF7C7FFFB1D1B211846FFF7C2FF8B
:1022D00000BF0837BD4680BD80B500AFA04B1B686E
:1022E0001B78002B04D19F4B1B78012B40F096816B
:1022F0009B4B1B6800221A709A4B1B78012B02D053
:10230000022B09D08AE1974B02221A703B220E2140
:102310009548FFF7B3FF81E1924B01221A70924B6F
:102320001B781BB21B021AB28F4B5B781BB2134394
:102330001BB21A468D4B1A608B4B9B781BB21B024B
:102340001AB2894BDB781BB213431BB21A46884B77
:102350001A60854B1B791BB21B021AB2824B5B7948
:102360001BB213431BB21A46824B1A607E4B1B7A78
:102370001BB21B021AB27C4B5B7A1BB213431BB21B
:102380001A467D4B1A60784B9B7A1BB21B021AB21D
:10239000754BDB7A1BB213431BB21A46774B1A609C
:1023A000714B1B7B1BB21B021AB26F4B5B7B1BB2C8
:1023B00013431BB21A46724B1A606C4B1B6813F521
:1023C000E17F08DB694B1B68B3F5E17F03DC6D4BF4
:1023D00000221A8025E0654B1B6807EE903AF8EE64
:1023E000E77A9FED697AC7EE876A16EE900AFEF7E4
:1023F000D5F959A3D3E90023FDF742FF02460B4666
:10240000104619464FF00002604BFDF739FF0246B7
:102410000B4610461946FEF719FA03461AB2594BF5
:102420001A80534B1B6813F5E17F08DB504B1B6888
:10243000B3F5E17F03DC564B00221A8025E04C4BBC
:102440001B6807EE903AF8EEE77A9FED4F7AC7EEF9
:10245000876A16EE900AFEF7A1F93FA3D3E900239D
:10246000FDF70EFF02460B46104619464FF00002DC
:10247000464BFDF705FF02460B4610461946FEF790
:10248000E5F903461AB2424B1A803A4B1B6813F522
:10249000E17F08DB374B1B68B3F5E17F03DC3D4B85
:1024A00000221A8025E0334B1B6807EE903AF8EEC5
:1024B000E77A9FED357AC7EE876A16EE900AFEF747
:1024C0006DF925A3D3E90023FDF7DAFE02460B469A
:1024D000104619464FF000022C4BFDF7D1FE024684
:1024E0000B4610461946FEF7B1F903461AB2294BBE
:1024F0001A80214B1B6813F5E17F08DB1E4B1B681C
:10250000B3F5E17F03DC244B00221A8014E01A4B60
:102510001B6807EE903AB8EEE77ADFED206AC7EE67
:10252000267A9FED1F7A67EE877AFDEEE77A17EE3F
:10253000903A1AB2184B1A80104B1B6813F5AF7FF4
:1025400032DB0E4B1B68B3F5AF7F2DDC154B002241
:102550001A803EE0AFF300801F85EB51B89E234008
:10256000400700202B0000207007002058070020A3
:102570005C07002060070020640700206807002037
:102580006C0700204C0700200000804600005940E6
:102590004E07002050070020520700200000034390
:1025A0000000C842540700201E4B1B6807EE903AFB
:1025B000B8EEE77ADFED1C6AC7EE267A9FED1B7A4C
:1025C00067EE877AFDEEE77A17EE903A1AB2184B6B
:1025D0001A80184B1B6813F5AF7F08DB154B1B687F
:1025E000B3F5AF7F03DC144B00221A8014E0114BCB
:1025F0001B6807EE903AB8EEE77ADFED0B6AC7EE9C
:10260000267A9FED0A7A67EE877AFDEEE77A17EE73
:10261000903A1AB2084B1A80012300E000231846B2
:1026200080BD00BF68070020000003430000C842CF
:10263000540700206C0700205607002080B485B0A6
:1026400000AFF860B9607A603B60FB68002B04D093
:10265000194BB3F90020FB681A80BB68002B04D02B
:10266000164BB3F90020BB681A807B68002B04D09E
:10267000134BB3F900207B681A803B68002B04D011
:10268000104BB3F900203B681A80BB69002B04D0C3
:102690000D4BB3F90020BB691A80FB69002B04D0F5
:1026A0000A4BB3F90020FB691A8000BF1437BD46FE
:1026B0005DF8047B704700BF4C0700204E070020E8
:1026C0005007002052070020540700205607002022
:1026D00080B400AF00BFBD465DF8047B70470000CA
:1026E00090B583B000AF0346FB71054B1C68F91D24
:1026F000002301227820A04700BF0C37BD4690BDC3
:102700008407002090B583B000AF0346FB71054BF2
:102710001C68F91D002301227820A04700BF0C3758
:10272000BD4690BD8807002090B583B000AF7860AB
:102730003960064B1C683B68DAB240237968782020
:10274000A04700BF0C37BD4690BD00BF84070020E6
:1027500090B583B000AF78603960064B1C683B6869
:10276000DAB2402379687820A04700BF0C37BD4615
:1027700090BD00BF8807002080B483B000AF7860B0
:10278000044A7B68136000BF0C37BD465DF8047BCC
:10279000704700BF8807002080B483B000AF786026
:1027A000044A7B68136000BF0C37BD465DF8047BAC
:1027B000704700BF8407002080B483B000AF78600A
:1027C000044A7B68136000BF0C37BD465DF8047B8C
:1027D000704700BF8007002080B500AFFFF778FF8B
:1027E000642001F0CDF9002000F0F2FA2020FFF77C
:1027F00077FF0020FFF774FFB020FFF771FFC820BC
:10280000FFF76EFF0020FFF76BFF1020FFF768FF58
:102810004020FFF765FFFF2000F0C6FAA120FFF778
:102820005FFFA620FFF75CFFA820FFF759FF3F20BE
:10283000FFF756FFA420FFF753FFD320FFF750FF09
:102840000020FFF74DFFD520FFF74AFFF020FFF7EC
:1028500047FFD920FFF744FF2220FFF741FFDA208E
:10286000FFF73EFF1220FFF73BFFDB20FFF738FFAB
:102870002020FFF735FF8D20FFF732FF1420FFF7F0
:102880002FFF012000F0A4FA002000F00FF800F064
:1028900025F8054B00221A80034B00225A80024B78
:1028A00001221A7100BF80BD8C0B002080B582B060
:1028B00000AF0346FB71FB79002B01D1002300E040
:1028C000FF234FF48062194603480DF0EDF900BF75
:1028D0000837BD4680BD00BF8C07002080B582B0A0
:1028E00000AF0023FB7116E0FB79503BDBB21846CA
:1028F000FFF7F6FE0020FFF7F3FE1020FFF7F0FED3
:10290000FB79DB01084A134480211846FFF70CFFCE
:10291000FB790133FB71FB79072BE5D900BF00BFC1
:102920000837BD4680BD00BF8C07002080B500AFD2
:102930002A4B1B681B78002B03D1294B1B78012BDA
:1029400049D1264B1B6800221A70254B1B78013B8E
:10295000032B40D801A252F823F000BF6D290008D4
:1029600083290008912900089F2900081D4B1B7826
:10297000503BDBB21846FFF7C5FE194B02221A7016
:1029800029E00020FFF7BEFE154B03221A7022E05B
:102990001020FFF7B7FE124B04221A701BE0114BF8
:1029A0001B78DB01104A134480211846FFF7D0FE44
:1029B0000C4B1B780133DAB20A4B1A70084B012218
:1029C0001A70084B1B78072B04D9064B00221A708B
:1029D000012301E000BF0023184680BD80070020CE
:1029E0002C000020920B00208C07002080B483B0C4
:1029F00000AF0346FB710B46BB7113467B7197F921
:102A00000730002B3DDBBB793F2B3AD87B79012B7C
:102A10001AD1FA79BB79DB08D8B20346DB0113443B
:102A20001B4AD35C5AB2BB7903F00703012101FAB8
:102A300003F35BB2134359B2FA790346DB01134443
:102A4000C9B2134AD1541DE0FA79BB79DB08D8B278
:102A50000346DB0113440E4AD35C5AB2BB7903F040
:102A60000703012101FA03F35BB2DB435BB21340BE
:102A700059B2FA790346DB011344C9B2044AD1546E
:102A800000E000BF0C37BD465DF8047B704700BF17
:102A90008C07002090B589B000AF0446384680E826
:102AA0000E002346FB73FB7B1F2B02D9FB7B7E2B87
:102AB00001D9002379E0BB68002B05D0BA68FB7B05
:102AC000203B13441B7800E03B78FB75394B1B8897
:102AD0001A46FB7D1344802B06DC364B5B881A4676
:102AE0007B781344402B01DD00235EE00023FB6173
:102AF0004DE07A68FB7B203B797801FB03F31946B4
:102B0000FB690B445B0013441B883B610023BB61E2
:102B100036E03A69BB6902FA03F303F40043002B81
:102B200013D0244B1B88DAB2BB69DBB21344D8B292
:102B3000204B5B88DAB2FB69DBB21344DBB297F857
:102B400030201946FFF752FF17E01A4B1B88DAB204
:102B5000BB69DBB21344D8B2164B5B88DAB2FB69AF
:102B6000DBB21344D9B297F83030002B0CBF0123ED
:102B70000023DBB21A46FFF739FFBB690133BB61A3
:102B8000FB7DBA699A42C4D3FB690133FB617B7850
:102B90001A46FB699342ACD3064B1A88FB7D9BB265
:102BA00013449AB2034B1A80FB7B18462437BD4668
:102BB00090BD00BF8C0B002080B586B002AFF860DE
:102BC000384680E80E0013E0FB6818783B7E0093DF
:102BD0003B460ECBFFF75EFF03461A46FB681B78A9
:102BE0009A4202D0FB681B7808E0FB680133FB6067
:102BF000FB681B78002BE7D1FB681B781846103761
:102C0000BD4680BD80B483B000AF03460A46FB7169
:102C10001346BB71FB799AB2054B1A80BB799AB205
:102C2000034B5A8000BF0C37BD465DF8047B7047EC
:102C30008C0B002090B589B000AF044608461146C1
:102C40001A462346FB710346BB710B467B71134644
:102C50003B717A79FB79D31A002BB8BF5B42BB6119
:102C60003A79BB79D31A002BB8BF5B427B61FA7902
:102C70007B799A4201D2012301E04FF0FF333B619F
:102C8000BA793B799A4201D2012301E04FF0FF3338
:102C9000FB60BA697B69D31AFB6197F830203979F8
:102CA0007B791846FFF7A2FE24E097F83020B97927
:102CB000FB791846FFF79AFEFB695B00BB607B69F6
:102CC0005B42BA689A4208DDFA697B69D31AFB61F4
:102CD0003B69DAB2FB791344FB71BA68BB699A426B
:102CE00008DAFA69BB691344FB61FB68DAB2BB79A5
:102CF0001344BB71FA797B799A42D6D1BA793B7980
:102D00009A42D2D100BF2437BD4690BD90B585B060
:102D100000AF0446084611461A462346FB71034697
:102D2000BB710B467B7113463B71FA797B799342F9
:102D300028BF13467B737A79FB79934238BF1346D9
:102D40003B73BA793B79934228BF1346FB723A79B9
:102D5000BB79934238BF1346BB72FB7AFB7317E013
:102D60007B7BBB7309E097F82020F97BBB7B18467F
:102D7000FFF73CFEBB7B0133BB73BA7B3B7B9A42C4
:102D800003D897F90E30002BEDDAFB7B0133FB7390
:102D9000FA7BBB7A9A4203D8FB7B3F2BE0D900BF7A
:102DA00000BF1437BD4690BD80B584B000AF034668
:102DB000FB718123FB73FB7B1846FFF791FCFB79CA
:102DC0001846FFF78DFC00BF1037BD4680BD0000E0
:102DD00080B584B000AF0346FB71FB79002B05D0B2
:102DE000AF23FB73084B01225A7104E0AE23FB733F
:102DF000054B00225A71FB7B1846FFF771FC00BFA0
:102E00001037BD4680BD00BF8C0B002080B483B05E
:102E100000AF00237B60104B5B6C0F4A43F4804390
:102E200053640D4B5B6C03F480437B607B68002331
:102E30003B60094B1B6C084A43F080531364064BFC
:102E40001B6C03F080533B603B6800BF0C37BD46F2
:102E50005DF8047B704700BF0038024080B58AB03F
:102E600000AF786007F1140300221A605A609A607C
:102E7000DA601A617B681B68324A93425ED1002394
:102E80003B61314B5B6C304A43F4807353642E4B8F
:102E90005B6C03F480733B613B690023FB602A4B4E
:102EA0001B6B294A43F001031363274B1B6B03F091
:102EB0000103FB60FB68FF237B610323BB610023ED
:102EC000FB6107F114031946204802F05BF8204B20
:102ED000204A1A601E4B00225A601D4B00229A6045
:102EE0001B4B0022DA601A4B4FF480621A61184BB8
:102EF0004FF400625A61164B4FF400529A61144B22
:102F00000022DA61124B00221A62114B00225A622F
:102F10000F4801F08BFC0346002B01D0FFF764F94A
:102F20007B680B4A9A630A4A7B68936300220021FC
:102F3000122001F044FC122001F05DFC00BF283794
:102F4000BD4680BD00200140003802400000024024
:102F5000F80100201064024080B58AB000AF7860AC
:102F600007F1140300221A605A609A60DA601A614D
:102F70007B681B684F4A934240F0988000233B6176
:102F80004D4B1B6B4C4A43F0020313634A4B1B6BC4
:102F900003F002033B613B69C0237B611223BB61E9
:102FA0000023FB6103233B6204237B6207F11403CC
:102FB0001946424801F0E6FF0023FB603E4B1B6CC4
:102FC0003D4A43F4001313643B4B1B6C03F40013A2
:102FD000FB60FB683A4B3B4A1A60394B4FF000727A
:102FE0005A60374B00229A60354B0022DA60344B2E
:102FF0004FF480621A61324B00225A61304B00223A
:103000009A612F4B0022DA612D4B00221A622C4B61
:1030100000225A622A4801F009FC0346002B01D025
:10302000FFF7E2F87B68264A9A63254A7B68936338
:10303000254B264A1A60244B4FF000725A60224BEF
:1030400040229A60204B0022DA601F4B4FF48062CE
:103050001A611D4B00225A611B4B00229A611A4BC8
:103060000022DA61184B00221A62174B00225A62C2
:10307000154801F0DBFB0346002B01D0FFF7B4F845
:103080007B68114A5A63104A7B68936300220021CF
:103090001F2001F094FB1F2001F0ADFB0022002156
:1030A000202001F08CFB202001F0A5FB00BF283779
:1030B000BD4680BD0054004000380240000402407C
:1030C000AC020020106002400C030020A06002400F
:1030D00080B586B000AF78607B681B68444A934235
:1030E0002ED100237B61434B5B6C424A43F00103CA
:1030F0005364404B5B6C03F001037B617B690022EE
:103100000021182001F05BFB182001F074FB002265
:103110000021192001F053FB192001F06CFB002263
:1031200000211A2001F04BFB1A2001F064FB002261
:1031300000211B2001F043FB1B2001F05CFB52E04F
:103140007B681B68B3F1804F16D100233B61294B8C
:103150001B6C284A43F001031364264B1B6C03F0DD
:1031600001033B613B69002200211C2001F027FB89
:103170001C2001F040FB36E07B681B681E4A93422E
:1031800016D10023FB601B4B1B6C1A4A43F0020351
:103190001364184B1B6C03F00203FB60FB680022F6
:1031A00000211D2001F00BFB1D2001F024FB1AE083
:1031B0007B681B68114A934215D10023BB600D4BFD
:1031C0001B6C0C4A43F0040313640A4B1B6C03F0A2
:1031D0000403BB60BB68002200211E2001F0EFFA4F
:1031E0001E2001F008FB00BF1837BD4680BD00BFA0
:1031F0000000014000380240000400400008004088
:1032000080B588B000AF786007F10C0300221A6027
:103210005A609A60DA601A617B681B68124A9342AE
:103220001DD10023BB60114B1B6B104A43F00203FE
:1032300013630E4B1B6B03F00203BB60BB683323AD
:10324000FB6002233B6100237B610023BB610223FF
:10325000FB6107F10C031946054801F093FE00BF1E
:103260002037BD4680BD00BF00040040003802404A
:103270000004024080B58AB000AF786007F1140303
:1032800000221A605A609A60DA601A617B681B68D3
:103290001D4A934234D100233B611C4B5B6C1B4A9B
:1032A00043F010035364194B5B6C03F010033B6154
:1032B0003B690023FB60154B1B6B144A43F0010371
:1032C0001363124B1B6B03F00103FB60FB684FF4AD
:1032D000E0637B610223BB610023FB6103233B624C
:1032E00007237B6207F114031946094801F04AFEDF
:1032F00000220021252001F062FA252001F07BFA4E
:1033000000BF2837BD4680BD001001400038024094
:103310000000024080B400AF00BFFDE780B400AF02
:1033200000BFFDE780B400AF00BFFDE780B400AF91
:1033300000BFFDE780B400AF00BFFDE780B400AF81
:1033400000BFBD465DF8047B704780B400AF00BF8E
:10335000BD465DF8047B704780B400AF00BFBD463A
:103360005DF8047B704780B500AF00F0E9FB00BF5B
:1033700080BD000080B500AF024801F07FFB00BFB8
:1033800080BD00BFAC02002080B500AF024801F054
:1033900075FB00BF80BD00BF0C03002080B500AFEF
:1033A000024800F054FC00BF80BD00BFB001002007
:1033B00080B500AF024806F0A9FE00BF80BD00BF87
:1033C0006C03002080B500AF024806F09FFE00BFEE
:1033D00080BD00BF6C03002080B500AF024806F03E
:1033E00095FE00BF80BD00BF6C03002080B500AF1C
:1033F000024806F08BFE00BF80BD00BF6C030020BA
:1034000080B500AF024806F081FE00BF80BD00BF5E
:10341000B403002080B500AF024806F077FE00BF7D
:1034200080BD00BFFC03002080B500AF024806F05D
:103430006DFE00BF80BD00BF4404002080B500AF1A
:10344000024802F099FC00BF80BD00BF5802002076
:1034500080B500AF024802F000FE00BF80BD00BF93
:103460005802002080B500AF024807F059FD00BFA8
:1034700080BD00BF8C04002080B500AF024801F081
:10348000FDFA00BF80BD00BFF801002080B500AF8D
:10349000024804F019FF00BF80BD00BF8414002063
:1034A00080B586B000AF7860144A154BD31A7B61A3
:1034B0007B693B61134B1B68002B02D1114B124AF5
:1034C0001A60104B1A687B6813443A699A4207D213
:1034D0000CF0F2FB03460C221A604FF0FF3309E0B8
:1034E000084B1B68FB60074B1A687B681344054A4E
:1034F0001360FB6818461837BD4680BD00000220E7
:1035000000040000940B0020D01C002080B400AF09
:10351000064BD3F88830054A43F47003C2F888306C
:1035200000BFBD465DF8047B704700BF00ED00E0C2
:1035300080B483B000AF78600B46FB701346BB705D
:10354000BB780133BB707B6800225A727B685A7962
:103550007B681A727B681A687B685B79591CC8B2F1
:1035600079684871134455221A707B685A797B68D0
:103570009B791340DAB27B685A717B681A687B6862
:103580005B79591CC8B27968487113444E221A708D
:103590007B685A797B689B791340DAB27B685A71F1
:1035A0007B681A687B685B79591CC8B27968487176
:1035B000134445221A707B685A797B689B791340C3
:1035C000DAB27B685A717B681A687B685B79591C30
:1035D000C8B279684871134452221A707B685A79CC
:1035E0007B689B791340DAB27B685A717B681A68F2
:1035F0007B685B79591CC8B2796848711344BA7802
:103600001A707B685A797B689B791340DAB27B68C1
:103610005A717B681A687B685B79591CC8B27968F3
:10362000487113443A221A707B685A797B689B79F7
:103630001340DAB27B685A717B681A687B685B79E1
:10364000591CC8B2796848711344FA781A707B68BB
:103650005A797B689B791340DAB27B685A717B6830
:103660000722DA717B685A7AB978FB784B40DBB273
:103670005340DBB283F03603DAB27B685A727B6860
:103680005B7A18460C37BD465DF8047B704780B402
:1036900083B000AF78600B46FB707B68DB79013349
:1036A000DAB27B68DA717B681A687B685B79591CCF
:1036B000C8B2796848711344FA781A707B685A79ED
:1036C0007B689B791340DAB27B685A717B685A7ABF
:1036D000FB785340DAB27B685A727B685B7A184693
:1036E0000C37BD465DF8047B704790B484B000AFE2
:1036F000786039600023FB732CE07B68DB79013351
:10370000DAB27B68DA71FB7BDBB21A463B681A449B
:103710007B6819687B685B79581CC4B2786844710F
:103720000B4412781A707B685A797B689B79134036
:10373000DAB27B685A71FB7BDBB25A1CD2B2FA73E5
:103740001A463B6813441A787B685B7A5340DAB2B6
:103750007B685A72FB7BDBB21A463B6813441B78CA
:10376000002BCAD17B685B7A18461037BD4690BCE7
:10377000704780B485B000AF78600B46FB7013468D
:10378000BB707B681A7AFB781344DAB27B681A72D2
:103790007B681A7A7B689B791340DAB27B681A726D
:1037A0007B681B687A68127A13441B78FB737B680A
:1037B0001A7ABB781344DAB27B681A727B681A7A79
:1037C0007B689B791340DAB27B681A72FB7B1846E0
:1037D0001437BD465DF8047B7047000080B485B0A7
:1037E00000AF78600023FB737B685B79BB73E4E018
:1037F000784B1B78072B00F2C98001A252F823F006
:10380000213800083B38000879380008A53800083E
:10381000D1380008E73800088D3900084939000818
:103820007B681B687A68127913441B78552B40F02B
:10383000B180684B01221A70ACE07B681B687A6823
:10384000127913441B784E2B03D1624B02221A705B
:10385000A2E07B681B687A68127913441B78552BA9
:1038600000F09A805B4B00221A707B681B79013B49
:10387000DAB27B681A718FE07B681B687A6812790C
:1038800013441B78452B03D1524B03221A7086E058
:10389000504B00221A707B681B79013BDAB27B68BF
:1038A0001A717CE07B681B687A68127913441B7874
:1038B000522B03D1474B04221A7070E0454B002273
:1038C0001A707B681B79013BDAB27B681A7166E07B
:1038D0007B681B687A68127913441B78FB733D4B35
:1038E00005221A705BE07B681B687A6812791344C2
:1038F0001B783A2B1ED1374B07221A707B681B7935
:103900000133DAB27B681A727B681A7A7B689B791A
:103910001340DAB27B681A727B6800225A727B68A5
:103920005A7AFB7B5340DBB283F03603DAB27B6812
:103930005A7234E0274B00221A707B681B79013BD6
:10394000DAB27B681A712AE0FB7B013BFB73FB7BDD
:10395000002B0CD07B685A7A7B681B6879680979E0
:103960000B441B785340DAB27B685A7216E0194B4D
:1039700000221A707B681B687A68127913441A78DF
:103980007B685B7A9A4209D101231DE0114B00222A
:103990001A7004E000BF02E000BF00E000BF7B68D7
:1039A0001B790133DAB27B681A717B681A797B68FC
:1039B0009B791340DAB27B681A717B681B79BA7BFA
:1039C0009A427FF415AF002318461437BD465DF8C0
:1039D000047B7047980B002080B485B000AFF8607E
:1039E000B9607A603B60FB687A681A60FB68002205
:1039F0001A71FB6800225A71FB6800221A72FB6878
:103A00000022DA71FB68FF229A71FB6800225A7269
:103A1000BB683A681A60BB6800221A71BB68002252
:103A20005A71BB6800221A72BB680022DA71BB6847
:103A3000FF229A71BB6800225A7200BF1437BD463C
:103A40005DF8047B70470000DFF834D0FFF75EFDBF
:103A50000C480D490D4A002302E0D458C4500433E9
:103A6000C4188C42F9D30A4A0A4C002301E01360BF
:103A70000432A242FBD30CF025F9FDF741FF704759
:103A8000000002200000002084010020641B0108C7
:103A900084010020D01C0020FEE7000080B500AFAC
:103AA0000E4B1B680D4A43F4007313600B4B1B68ED
:103AB0000A4A43F480631360084B1B68074A43F4C7
:103AC00080731360032000F06FFE0F2000F008F8F1
:103AD000FFF79CF90023184680BD00BF003C024060
:103AE00080B582B000AF7860124B1A68124B1B7819
:103AF00019464FF47A73B3FBF1F3B2FBF3F31846B4
:103B000000F087FE0346002B01D001230EE07B6806
:103B10000F2B0AD8002279684FF0FF3000F04FFEDB
:103B2000064A7B681360002300E00123184608372B
:103B3000BD4680BD30000020380000203400002049
:103B400080B400AF064B1B781A46064B1B68134423
:103B5000044A136000BFBD465DF8047B704700BF98
:103B6000380000209C0B002080B400AF034B1B6882
:103B70001846BD465DF8047B704700BF9C0B0020D3
:103B800080B584B000AF7860FFF7EEFFB8607B6867
:103B9000FB60FB68B3F1FF3F05D00A4B1B781A4668
:103BA000FB681344FB6000BFFFF7DEFF0246BB6803
:103BB000D31AFA689A42F7D800BF00BF1037BD4643
:103BC00080BD00BF3800002080B584B000AF7860B1
:103BD0000023FB737B68002B01D1012333E07B685A
:103BE0001B6C002B09D17868FFF738F97B6800223D
:103BF0005A647B68002283F83C207B681B6C03F0CE
:103C00001003002B18D17B681B6C23F4885323F01E
:103C1000020343F002027B681A64786800F06CFBD0
:103C20007B6800225A647B681B6C23F0030343F01B
:103C300001027B681A6401E00123FB737B680022A8
:103C400083F83C20FB7B18461037BD4680BD80B50D
:103C500086B000AF786000237B6100233B617B6806
:103C60001B681B68FB607B681B685B68BB60FB684C
:103C700003F002037B61BB6803F020033B617B69B7
:103C8000002B49D03B69002B46D07B681B6C03F0AE
:103C90001003002B05D17B681B6C43F400727B681A
:103CA0001A647B681B689B6803F04053002B2BD180
:103CB0007B681B7E002B27D17B681B68DB6A03F4C3
:103CC0007003002B06D07B681B689B6803F480633D
:103CD000002B19D17B681B685A687B681B6822F02F
:103CE00020025A607B681B6C23F480727B681A6424
:103CF0007B681B6C03F48053002B05D17B681B6C25
:103D000043F001027B681A647868FCF78FFF7B68D8
:103D10001B686FF012021A60FB6803F004037B61FA
:103D2000BB6803F080033B617B69002B57D03B6984
:103D3000002B54D07B681B6C03F01003002B05D1C3
:103D40007B681B6C43F400527B681A647B681B68B9
:103D50009B6803F44013002B39D17B681B689B6B75
:103D600003F44013002B06D07B681B689B6803F4A8
:103D70008063002B2BD17B681B685B6803F4806336
:103D8000002B24D17B681B689B6803F04053002BF9
:103D90001DD17B681B7E002B19D17B681B685A687C
:103DA0007B681B6822F080025A607B681B6C23F4DE
:103DB00080527B681A647B681B6C03F48073002B51
:103DC00005D17B681B6C43F001027B681A6478683C
:103DD00000F010FC7B681B686FF00C021A60FB6837
:103DE00003F001037B61BB6803F040033B617B6927
:103DF000002B17D03B69002B14D07B681B681B6815
:103E000003F00103012B0DD17B681B6C43F480325E
:103E10007B681A64786800F029F97B681B686FF08A
:103E200001021A60FB6803F020037B61BB6803F0AA
:103E300080633B617B69002B15D03B69002B12D05E
:103E40007B685B6C43F002027B685A647B681B688A
:103E50006FF020021A60786800F012F97B681B6826
:103E60006FF020021A6000BF1837BD4680BD000009
:103E700080B588B000AFF860B9607A6000237B61DC
:103E80000023FB77FB6893F83C30012B01D1022320
:103E9000D0E0FB68012283F83C20FB681B689B682C
:103EA00003F00103012B18D0FB681B689A68FB68BC
:103EB0001B6842F001029A60604B1B68604AA2FBDB
:103EC00003239A0C13465B0013447B6102E07B6979
:103ED000013B7B617B69002BF9D1FB681B689B6808
:103EE00003F48073B3F5807F07D1FB681B689A6881
:103EF000FB681B6822F480729A60FB681B689B68F1
:103F000003F00103012B40F08880FB681B6C23F455
:103F1000E06323F0010343F48072FB681A64FB68DA
:103F20001B685B6803F48063002B07D0FB681B6C85
:103F300023F4405343F48052FB681A64FB681B6C03
:103F400003F48053B3F5805F06D1FB685B6C23F00C
:103F50000602FB685A6402E0FB6800225A64FB68B0
:103F6000002283F83C20374BBB61FB689B6B364AD1
:103F7000DA63FB689B6B354A1A64FB689B6B344AB7
:103F8000DA64FB681B686FF022021A60FB681B682A
:103F90005A68FB681B6842F080625A60FB681B68C5
:103FA0009A68FB681B6842F480729A60FB68986BA1
:103FB000FB681B684C331946BA687B6800F0E4FC68
:103FC0000346FB77BB695B6803F01F03002B0FD12F
:103FD000FB681B689B6803F04053002B29D1FB68EA
:103FE0001B689A68FB681B6842F080429A6020E078
:103FF000FB681B68174A93421BD1FB681B689B68D0
:1040000003F04053002B14D1FB681B689A68FB68CF
:104010001B6842F080429A600BE0FB681B6C43F027
:104020001002FB681A64FB685B6C43F00102FB68DA
:104030005A64FB7F18462037BD4680BD3000002003
:1040400083DE1B4300230140F1440008AB45000818
:10405000C74500080020014080B483B000AF7860FD
:1040600000BF0C37BD465DF8047B704780B483B059
:1040700000AF786000BF0C37BD465DF8047B704729
:1040800080B483B000AF786000BF0C37BD465DF8E8
:10409000047B704780B485B000AF7860396000233E
:1040A000BB607B6893F83C30012B01D1022313E104
:1040B0007B68012283F83C203B681B68092B25D9CB
:1040C0007B681B68D9683B681B689BB21A4613461D
:1040D0005B0013441E3B072202FA03F3DA437B68BA
:1040E0001B680A40DA607B681B68D9683B689A687D
:1040F0003B681B689BB2184603465B0003441E3BAB
:104100009A407B681B680A43DA6022E07B681B6880
:1041100019693B681B689BB21A4613465B0013443F
:10412000072202FA03F3DA437B681B680A401A612C
:104130007B681B6819693B689A683B681B689BB27F
:10414000184603465B0003449A407B681B680A4399
:104150001A613B685B68062B24D87B681B68596B27
:104160003B685A6813469B001344053B1F2202FA22
:1041700003F3DA437B681B680A405A637B681B6859
:10418000596B3B681B689BB218463B685A681346DC
:104190009B001344053B00FA03F27B681B680A434B
:1041A0005A634CE03B685B680C2B24D87B681B6827
:1041B000196B3B685A6813469B001344233B1F222C
:1041C00002FA03F3DA437B681B680A401A637B68D0
:1041D0001B68196B3B681B689BB218463B685A68A2
:1041E00013469B001344233B00FA03F27B681B68D1
:1041F0000A431A6323E07B681B68D96A3B685A68E4
:1042000013469B001344413B1F2202FA03F3DA4397
:104210007B681B680A40DA627B681B68D96A3B6866
:104220001B689BB218463B685A6813469B001344B0
:10423000413B00FA03F27B681B680A43DA62294BB0
:10424000FB607B681B68284A93420FD13B681B6860
:10425000122B0BD1FB685B6823F40002FB685A60E9
:10426000FB685B6843F48002FB685A607B681B68EC
:104270001D4A93422BD13B681B681C4A934203D0D2
:104280003B681B68112B22D1FB685B6823F480021A
:10429000FB685A60FB685B6843F40002FB685A6085
:1042A0003B681B68114A934211D1114B1B68114A9C
:1042B000A2FB03239A0C13469B0013445B00BB60D4
:1042C00002E0BB68013BBB60BB68002BF9D17B6897
:1042D000002283F83C20002318461437BD465DF8C1
:1042E000047B7047002301400020014012000010B1
:1042F0003000002083DE1B4380B485B000AF7860BF
:10430000794BFB60FB685B6823F44032FB685A60C2
:10431000FB685A687B685B681A43FB685A607B6875
:104320001B685A687B681B6822F480725A607B683D
:104330001B6859687B681B691A027B681B680A4303
:104340005A607B681B685A687B681B6822F0407261
:104350005A607B681B6859687B689A687B681B6831
:104360000A435A607B681B689A687B681B6822F462
:1043700000629A607B681B6899687B68DA687B6872
:104380001B680A439A607B689B6A584A934222D012
:104390007B681B689A687B681B6822F070629A6071
:1043A0007B681B6899687B689A6A7B681B680A430C
:1043B0009A607B681B689A687B681B6822F0405291
:1043C0009A607B681B6899687B68DA6A7B681B68FF
:1043D0000A439A600FE07B681B689A687B681B68D9
:1043E00022F070629A607B681B689A687B681B6821
:1043F00022F040529A607B681B689A687B681B6851
:1044000022F002029A607B681B6899687B681B7EB9
:104410005A007B681B680A439A607B6893F82030D7
:10442000002B1BD07B681B685A687B681B6842F4B2
:1044300000625A607B681B685A687B681B6822F4BC
:1044400060425A607B681B6859687B685B6A013B05
:104450005A037B681B680A435A6007E07B681B6845
:104460005A687B681B6822F400625A607B681B688C
:10447000DA6A7B681B6822F47002DA627B681B6868
:10448000D96A7B68DB69013B1A057B681B680A43B4
:10449000DA627B681B689A687B681B6822F400728A
:1044A0009A607B681B6899687B6893F830305A0281
:1044B0007B681B680A439A607B681B689A687B6804
:1044C0001B6822F480629A607B681B6899687B682D
:1044D0005B699A027B681B680A439A6000BF1437C5
:1044E000BD465DF8047B7047002301400100000FCA
:1044F00080B584B000AF78607B689B6BFB60FB6825
:104500001B6C03F05003002B3CD1FB681B6C43F485
:104510000072FB681A64FB681B689B6803F04053D9
:10452000002B2BD1FB681B7E002B27D1FB681B685F
:10453000DB6A03F47003002B06D0FB681B689B68E2
:1045400003F48063002B19D1FB681B685A68FB6871
:104550001B6822F020025A60FB681B6C23F48072F7
:10456000FB681A64FB681B6C03F48053002B05D1B5
:10457000FB681B6C43F00102FB681A64F868FCF7E7
:1045800055FB0EE0FB681B6C03F01003002B03D0FF
:10459000F868FFF775FD04E0FB689B6BDB6C7868DF
:1045A000984700BF1037BD4680BD80B584B000AFCE
:1045B00078607B689B6BFB60F868FFF74DFD00BF80
:1045C0001037BD4680BD80B584B000AF78607B6891
:1045D0009B6BFB60FB6840221A64FB685B6C43F0DA
:1045E0000402FB685A64F868FFF74AFD00BF103701
:1045F000BD4680BD80B483B000AF786000BF0C378B
:10460000BD465DF8047B704780B485B000AF78602C
:104610007B6803F00703FB600C4BDB68BB60BA6888
:104620004FF6FF031340BB60FB681A02BB681343DD
:1046300043F0BF6343F40033BB60044ABB68D360FC
:1046400000BF1437BD465DF8047B704700ED00E005
:1046500080B400AF044BDB681B0A03F00703184665
:10466000BD465DF8047B704700ED00E080B483B088
:1046700000AF0346FB7197F90730002B0BDBFB798A
:1046800003F01F02074997F907305B09012000FA80
:1046900002F241F8232000BF0C37BD465DF8047BD1
:1046A000704700BF00E100E080B483B000AF034674
:1046B0003960FB7197F90730002B0ADB3B68DAB2EF
:1046C0000C4997F907301201D2B20B4483F800234A
:1046D0000AE03B68DAB20849FB7903F00F03043BB8
:1046E0001201D2B20B441A7600BF0C37BD465DF8FA
:1046F000047B704700E100E000ED00E080B489B089
:1047000000AFF860B9607A60FB6803F00703FB61F3
:10471000FB69C3F10703042B28BF0423BB61FB69BA
:104720000433062B02D9FB69033B00E000237B61C5
:104730004FF0FF32BB6902FA03F3DA43BB681A4059
:104740007B699A404FF0FF317B6901FA03F3D9434B
:104750007B680B40134318462437BD465DF8047B45
:104760007047000080B582B000AF78607B68013B85
:10477000B3F1807F01D301230FE00A4A7B68013B3C
:1047800053600F214FF0FF30FFF78EFF054B0022E3
:104790009A60044B07221A60002318460837BD466A
:1047A00080BD00BF10E000E080B582B000AF78604F
:1047B0007868FFF729FF00BF0837BD4680BD80B588
:1047C00086B000AF0346B9607A60FB7300237B615B
:1047D000FFF73EFF78617A68B9687869FFF78EFF66
:1047E000024697F90F3011461846FFF75DFF00BFEC
:1047F0001837BD4680BD80B582B000AF0346FB715F
:1048000097F907301846FFF731FF00BF0837BD465C
:1048100080BD80B582B000AF78607868FFF7A2FFF6
:10482000034618460837BD4680BD000080B586B0F7
:1048300000AF786000237B61FFF796F938617B68F1
:10484000002B01D1012399E07B68022283F83520F7
:104850007B68002283F834207B681B681A687B68B9
:104860001B6822F001021A600FE0FFF77DF9024693
:104870003B69D31A052B08D97B6820225A657B68CF
:10488000032283F83520032378E07B681B681B68CC
:1048900003F00103002BE8D17B681B681B687B6178
:1048A0007A69384B13407B617B685A687B689B68E8
:1048B0001A437B68DB681A437B681B691A437B6871
:1048C0005B691A437B689B691A437B68DB691A43FF
:1048D0007B681B6A13437A6913437B617B685B6A5D
:1048E000042B07D17B68DA6A7B681B6B13437A69F8
:1048F00013437B617B681B687A691A607B681B685D
:104900005B697B617B6923F007037B617B685B6A82
:104910007A6913437B617B685B6A042B17D17B68E0
:104920009B6A7A6913437B617B68DB6A002B0ED03C
:10493000786800F0ABFA0346002B08D07B68402271
:104940005A657B68012283F83520012316E07B68D5
:104950001B687A695A61786800F062FA0346FB6066
:104960007B68DB6D3F229A40FB689A607B6800227F
:104970005A657B68012283F83520002318461837D2
:10498000BD4680BD3F8010F080B586B000AFF860B6
:10499000B9607A603B600023FB75FB689B6D3B61EF
:1049A000FB6893F83430012B01D1022340E0FB680F
:1049B000012283F83420FB6893F83530DBB2012BF9
:1049C0002FD1FB68022283F83520FB6800225A654C
:1049D0003B687A68B968F86800F0F4F9FB68DB6D49
:1049E0003F229A403B699A60FB681B681A68FB6823
:1049F0001B6842F016021A60FB681B6C002B07D084
:104A0000FB681B681A68FB681B6842F008021A60A2
:104A1000FB681B681A68FB681B6842F001021A6099
:104A200005E0FB68002283F834200223FB75FB7D40
:104A300018461837BD4680BD80B483B000AF78609B
:104A40007B6893F83530DBB2022B04D07B68802280
:104A50005A6501230CE07B68052283F835207B68CA
:104A60001B681A687B681B6822F001021A60002329
:104A700018460C37BD465DF8047B704780B586B09C
:104A800000AF78600023BB608E4B1B688E4AA2FB90
:104A900003239B0A7B617B689B6D3B613B691B68C1
:104AA000FB607B68DB6D08229A40FB681340002B9B
:104AB0001AD07B681B681B6803F00403002B13D01B
:104AC0007B681B681A687B681B6822F004021A6006
:104AD0007B68DB6D08229A403B699A607B685B6D5E
:104AE00043F001027B685A657B68DB6D01229A40C6
:104AF000FB681340002B12D07B681B685B6903F0D6
:104B00008003002B0BD07B68DB6D01229A403B6950
:104B10009A607B685B6D43F002027B685A657B6834
:104B2000DB6D04229A40FB681340002B12D07B6897
:104B30001B681B6803F00203002B0BD07B68DB6D46
:104B400004229A403B699A607B685B6D43F00402E3
:104B50007B685A657B68DB6D10229A40FB681340C6
:104B6000002B43D07B681B681B6803F00803002BF5
:104B70003CD07B68DB6D10229A403B699A607B6871
:104B80001B681B6803F48023002B18D07B681B680C
:104B90001B6803F40023002B08D17B681B6C002BDF
:104BA00024D07B681B6C786898471FE07B689B6CFF
:104BB000002B1BD07B689B6C7868984716E07B685D
:104BC0001B681B6803F48073002B07D17B681B688C
:104BD0001A687B681B6822F008021A607B681B6CED
:104BE000002B03D07B681B6C786898477B68DB6D73
:104BF00020229A40FB681340002B00F08F807B68D6
:104C00001B681B6803F01003002B00F087807B6893
:104C1000DB6D20229A403B699A607B6893F83530BF
:104C2000DBB2052B36D17B681B681A687B681B6872
:104C300022F016021A607B681B685A697B681B6841
:104C400022F080025A617B681B6C002B03D17B68C9
:104C50009B6C002B07D07B681B681A687B681B68FD
:104C600022F008021A607B68DB6D3F229A403B69A4
:104C70009A607B68012283F835207B68002283F8E4
:104C800034207B681B6D002B7ED07B681B6D7868A1
:104C9000984779E07B681B681B6803F48023002B2E
:104CA0001DD07B681B681B6803F40023002B0DD10B
:104CB0007B685B6C002B31D07B685B6C78689847B5
:104CC0002CE000BF30000020B5814E1B7B68DB6B01
:104CD000002B23D07B68DB6B786898471EE07B68ED
:104CE0001B681B6803F48073002B0FD17B681B6863
:104CF0001A687B681B6822F010021A607B68012228
:104D000083F835207B68002283F834207B68DB6BD6
:104D1000002B03D07B68DB6B786898477B685B6D02
:104D2000002B32D07B685B6D03F00103002B22D097
:104D30007B68052283F835207B681B681A687B68CE
:104D40001B6822F001021A60BB680133BB607A69FC
:104D50009A4207D37B681B681B6803F00103002B92
:104D6000F2D100E000BF7B68012283F835207B6828
:104D7000002283F834207B68DB6C002B05D07B6835
:104D8000DB6C7868984700E000BF1837BD4680BDEF
:104D900080B483B000AF78607B6893F83530DBB2C5
:104DA00018460C37BD465DF8047B704780B483B06D
:104DB00000AF78607B685B6D18460C37BD465DF8C8
:104DC000047B704780B485B000AFF860B9607A604A
:104DD0003B60FB681B681A68FB681B6822F4802232
:104DE0001A60FB681B683A685A60FB689B68402B36
:104DF00008D1FB681B687A689A60FB681B68BA6810
:104E0000DA6007E0FB681B68BA689A60FB681B6899
:104E10007A68DA6000BF1437BD465DF8047B7047DE
:104E200080B485B000AF78607B681B68DBB2103B54
:104E3000144AA2FB03231B09FB60134AFB681344BB
:104E40001B781A467B68DA65FB68032B09D97B68F7
:104E50001B6823F47F7323F003031A1D7B689A6594
:104E600007E07B681B6823F47F7323F003037A68F1
:104E700093657B689B6D18461437BD465DF8047BCF
:104E8000704700BFABAAAAAA181B010880B485B05E
:104E900000AF78600023FB737B689B6ABB607B6814
:104EA0009B69002B1FD1BB68032B56D801A252F877
:104EB00023F000BFC54E0008D74E0008C54E0008BD
:104EC0005B4F00087B68DB6A03F08073002B46D0E1
:104ED0000123FB7343E07B68DB6AB3F1C07F40D101
:104EE0000123FB733DE07B689B69B3F5005F21D133
:104EF000BB68032B37D801A252F823F00D4F0008EE
:104F0000134F00080D4F0008254F00080123FB73C5
:104F100030E07B68DB6A03F08073002B25D001232F
:104F2000FB7322E07B68DB6AB3F1C07F1FD10123F2
:104F3000FB731CE0BB68022B03D9BB68032B03D0B7
:104F400018E00123FB7315E07B68DB6A03F08073D4
:104F5000002B0ED00123FB730BE000BF0AE000BF63
:104F600008E000BF06E000BF04E000BF02E000BFB1
:104F700000E000BFFB7B18461437BD465DF8047B9C
:104F8000704700BF80B489B000AF786039600023FB
:104F90007B6100233B610023BB610023FB6159E17E
:104FA0000122FB6902FA03F37B613B681B687A69A3
:104FB00013403B613A697B699A4240F048813B6803
:104FC0005B6803F00303012B05D03B685B6803F0CB
:104FD0000303022B30D17B689B68BB61FB695B00DC
:104FE000032202FA03F3DB43BA691340BB613B6857
:104FF000DA68FB695B0002FA03F3BA691343BB6129
:105000007B68BA699A607B685B68BB610122FB6957
:1050100002FA03F3DB43BA691340BB613B685B6888
:105020001B0903F00102FB6902FA03F3BA69134397
:10503000BB617B68BA695A603B685B6803F0030335
:10504000032B17D07B68DB68BB61FB695B00032225
:1050500002FA03F3DB43BA691340BB613B689A6809
:10506000FB695B0002FA03F3BA691343BB617B6817
:10507000BA69DA603B685B6803F00303022B23D153
:10508000FB69DA087B68083253F82230BB61FB69A0
:1050900003F007039B000F2202FA03F3DB43BA6914
:1050A0001340BB613B681A69FB6903F007039B006F
:1050B00002FA03F3BA691343BB61FB69DA087B6840
:1050C0000832B96943F822107B681B68BB61FB6931
:1050D0005B00032202FA03F3DB43BA691340BB61AE
:1050E0003B685B6803F00302FB695B0002FA03F3B1
:1050F000BA691343BB617B68BA691A603B685B6835
:1051000003F44033002B00F0A2800023FB60574BD8
:105110005B6C564A43F480435364544B5B6C03F41A
:105120008043FB60FB68524AFB699B08023352F8DC
:105130002330BB61FB6903F003039B000F2202FADB
:1051400003F3DB43BA691340BB617B68494A93426E
:1051500019D07B68484A934213D07B68474A9342F0
:105160000DD07B68464A934207D07B68454A9342FC
:1051700001D1042308E0072306E0032304E002230F
:1051800002E0012300E00023FA6902F0030292002A
:105190009340BA691343BB613549FB699B080233ED
:1051A000BA6941F82320384B9B68BB613B69DB43FC
:1051B000BA691340BB613B685B6803F48013002B42
:1051C00003D0BA693B691343BB612F4ABB69936043
:1051D0002D4BDB68BB613B69DB43BA691340BB61A4
:1051E0003B685B6803F40013002B03D0BA693B698A
:1051F0001343BB61244ABB69D360234B5B68BB612B
:105200003B69DB43BA691340BB613B685B6803F4ED
:105210000033002B03D0BA693B691343BB611A4AC0
:10522000BB695360184B1B68BB613B69DB43BA69C0
:105230001340BB613B685B6803F48033002B03D0F1
:10524000BA693B691343BB610F4ABB691360FB69D1
:105250000133FB61FB690F2B7FF6A2AE00BF00BFDD
:105260002437BD465DF8047B704700BF003802401C
:1052700000380140000002400004024000080240E3
:10528000000C024000100240003C014080B483B09A
:1052900000AF78600B467B8013467B707B78002BD9
:1052A00003D07A887B689A6103E07B881A047B6864
:1052B0009A6100BF0C37BD465DF8047B704780B42F
:1052C00085B000AF78600B467B807B685B69FB60D4
:1052D0007A88FB6813401A04FB68D9437B880B402B
:1052E0001A437B689A6100BF1437BD465DF8047BA2
:1052F0007047000080B584B000AF78607B68002BF9
:1053000001D101232BE17B6893F83D30DBB2002B08
:1053100006D17B68002283F83C207868FDF71CFEEC
:105320007B68242283F83D207B681B681A687B68B1
:105330001B6822F001021A607B681B681A687B6890
:105340001B6842F400421A607B681B681A687B681D
:105350001B6822F400421A6004F0F4FCF8607B68D9
:105360005B68814A934207D8FB68804A934294BFA6
:1053700001230023DBB206E0FB687D4A934294BF21
:1053800001230023DBB2002B01D00123E7E0FB68FF
:10539000784AA2FB03239B0CBB607B681B685B689D
:1053A00023F03F017B681B68BA680A435A607B6838
:1053B0001B681B6A23F03F017B685B686A4A934263
:1053C00002D8BB68013309E0BB684FF4967202FB58
:1053D00003F3694AA2FB03239B0901337A6812682D
:1053E0000B4313627B681B68DB6923F44F4222F096
:1053F000FF027B685B685C498B4219D8FB68591EC9
:105400007B685B685B00B1FBF3F3591C40F6FC73EF
:105410000B40002B0AD0FB68591E7B685B685B0061
:10542000B1FBF3F30133C3F30B0351E004234FE06B
:105430007B689B68002B11D1FB68581E7B685968FC
:105440000B465B000B44B0FBF3F30133C3F30B03D8
:10545000002B0CBF01230023DBB212E0FB68581EB7
:105460007B6859680B469B000B4499000B44B0FBCA
:10547000F3F30133C3F30B03002B0CBF0123002311
:10548000DBB2002B01D0012322E07B689B68002B5C
:105490000ED1FB68581E7B6859680B465B000B44B5
:1054A000B0FBF3F30133C3F30B0343F400430FE00A
:1054B000FB68581E7B6859680B469B000B4499009B
:1054C0000B44B0FBF3F30133C3F30B0343F440434A
:1054D000796809681343CB617B681B681B6823F0FC
:1054E000C0017B68DA697B681B6A1A437B681B68AA
:1054F0000A431A607B681B689B6823F4034323F00C
:10550000FF037A6811697A68D26811437A68126871
:105510000B4393607B681B68DB6823F0FF017B68AB
:105520005A697B689B691A437B681B680A43DA6087
:105530007B681B681A687B681B6842F001021A606E
:105540007B6800221A647B68202283F83D207B68F8
:1055500000221A637B68002283F83E20002318464D
:105560001037BD4680BD00BFA08601007F841E00AD
:10557000FF083D0083DE1B43D34D621080B483B02F
:1055800000AF78607B681B685B6903F08003802B49
:1055900003D17B681B6800221A6100BF0C37BD462F
:1055A0005DF8047B7047000080B588B002AFF860FA
:1055B000084611461A4603467B810B463B8113463B
:1055C000FB80FEF7D1FA7861FB6893F83D30DBB2DF
:1055D000202B40F0D9807B690093192301226D496B
:1055E000F86802F007FB0346002B01D00223CCE051
:1055F000FB6893F83C30012B01D10223C5E0FB6826
:10560000012283F83C20FB681B681B6803F0010340
:10561000012B07D0FB681B681A68FB681B6842F007
:1056200001021A60FB681B681A68FB681B6822F499
:1056300000621A60FB68212283F83D20FB6840224B
:1056400083F83E20FB6800221A64FB683A6A5A62BB
:10565000FB68BA8C5A85FB685B8D9AB2FB681A8529
:10566000FB684D4ADA62F8883A8979897B69019347
:10567000BB6A00930346F86801F07AFF0346002BEB
:1056800052D0012381E07A69B96AF86802F0CCFB54
:105690000346002B0DD0FB681B6C042B07D1FB6865
:1056A0001B681A68FB681B6842F400721A600123C9
:1056B0006BE0FB685B6A1A78FB681B681A61FB6821
:1056C0005B6A5A1CFB685A62FB681B8D013B9AB2ED
:1056D000FB681A85FB685B8D9BB2013B9AB2FB6845
:1056E0005A85FB681B685B6903F00403042B1BD11C
:1056F000FB681B8D002B17D0FB685B6A1A78FB6870
:105700001B681A61FB685B6A5A1CFB685A62FB687B
:105710001B8D013B9AB2FB681A85FB685B8D9BB2BF
:10572000013B9AB2FB685A85FB681B8D002BAAD1FE
:105730007A69B96AF86802F0BFFB0346002B0DD006
:10574000FB681B6C042B07D1FB681B681A68FB689D
:105750001B6842F400721A60012316E0FB681B68A4
:105760001A68FB681B6842F400721A60FB6820220A
:1057700083F83D20FB68002283F83E20FB6800226E
:1057800083F83C20002300E0022318461837BD466A
:1057900080BD00BF020010000000FFFF80B58AB08E
:1057A00002AFF860084611461A4603467B810B4655
:1057B0003B811346FB8000237B61FEF7D5F9F8613E
:1057C000FB6893F83D30DBB2202B40F036819D4BD7
:1057D0001B68DB089C4AA2FB03231A0A13469B00A2
:1057E00013449A0013447B617B69013B7B617B69B5
:1057F000002B12D1FB6800221A63FB68202283F879
:105800003D20FB68002283F83E20FB681B6C43F0C0
:105810002002FB681A64022310E1FB681B689B6985
:1058200003F00203022BDFD0FB6893F83C30012B1E
:1058300001D1022302E1FB68012283F83C20FB68CE
:105840001B681B6803F00103012B07D0FB681B6872
:105850001A68FB681B6842F001021A60FB681B684B
:105860001A68FB681B6822F400621A60FB68212238
:1058700083F83D20FB68402283F83E20FB6800222D
:105880001A64FB68BA6A5A62FB68BA8D5A85FB686B
:105890005B8D9AB2FB681A85FB686C4ADA627A897A
:1058A000FB685A643A89FB689A64FA88FB68DA6490
:1058B000FB6800221A65FB681B8D002B00F0A98095
:1058C000FB685B6B002B2AD0FB685B6B604ADA637A
:1058D000FB685B6B5F4ADA64FB685B6B00221A64EF
:1058E000FB685B6B00225A64FB685B6B00229A6466
:1058F000FB685B6B00221A65FB68586BFB685B6A90
:105900001946FB681B6810331A46FB681B8DFFF7AE
:105910003BF80346FB76FB7E002B66D113E0FB6869
:10592000202283F83D20FB68002283F83E20FB689C
:105930001B6C43F08002FB681A64FB68002283F84A
:105940003C2001237AE0F8883A897989FB69019340
:10595000232300930346F86801F00AFE0346002B58
:1059600022D0FB685B6B1846FFF766F80346FB76B0
:10597000FB685B6B0022DA63FB681B681A68FB68D4
:105980001B6822F480621A60FB6800221A85FB689B
:1059900000225A85FB681B681A68FB681B6822F0A6
:1059A00001021A60012349E000233B61FB681B6888
:1059B0005B693B61FB681B689B693B613B69FB68FA
:1059C000002283F83C20FB681B685A68FB681B6850
:1059D00042F480725A60FB681B685A68FB681B6857
:1059E00042F400625A60002328E0FB68202283F81A
:1059F0003D20FB68002283F83E20FB681B6C43F0CF
:105A00001002FB681A64FB68002283F83C20012323
:105A100014E0FB68202283F83D20FB68002283F815
:105A20003E20FB681B6C43F04002FB681A64FB6875
:105A3000002283F83C20012300E00223184620378F
:105A4000BD4680BD3000002089B5F8140000FFFF7E
:105A50006D7800082B7A000880B58CB002AFF86032
:105A6000084611461A4603467B810B463B81134686
:105A7000FB80FEF779F878620023FB61FB6893F8FE
:105A80003D30DBB2202B40F07281934B1B68DB086A
:105A9000924AA2FB03231A0A13469B0013449A005E
:105AA0001344FB61FB69013BFB61FB69002B12D1D5
:105AB000FB6800221A63FB68202283F83D20FB6804
:105AC000002283F83E20FB681B6C43F02002FB6839
:105AD0001A6402234CE1FB681B689B6903F0020314
:105AE000022BDFD0FB6893F83C30012B01D102235D
:105AF0003EE1FB68012283F83C20FB681B681B68C1
:105B000003F00103012B07D0FB681B681A68FB68D0
:105B10001B6842F001021A60FB681B681A68FB6888
:105B20001B6822F400621A60FB68222283F83D2081
:105B3000FB68402283F83E20FB6800221A64FB6861
:105B40003A6B5A62FB68BA8E5A85FB685B8D9AB2D3
:105B5000FB681A85FB68624ADA627A89FB685A64D4
:105B60003A89FB689A64FA88FB68DA64FB68002269
:105B70001A65FB681B8D002B00F0CC80FB689B6BCB
:105B8000002B2DD0FB689B6B564ADA63FB689B6B3E
:105B9000554ADA64FB689B6B00221A64FB689B6BB6
:105BA00000225A64FB689B6B00229A64FB689B6B23
:105BB00000221A65FB68986BFB681B681033194656
:105BC000FB685B6A1A46FB681B8DFEF7DDFE034629
:105BD00087F8233097F82330002B40F0878013E0BC
:105BE000FB68202283F83D20FB68002283F83E20DA
:105BF000FB681B6C43F08002FB681A64FB680022A0
:105C000083F83C200123B3E0F8883A8979897B6ADC
:105C10000193232300930346F86801F03FFD0346F8
:105C2000002B23D0FB689B6B1846FEF705FF03464D
:105C300087F82330FB689B6B0022DA63FB681B68E4
:105C40001A68FB681B6822F480621A60FB680022F5
:105C50001A85FB6800225A85FB681B681A68FB6876
:105C60001B6822F001021A60012381E0FB681B8D92
:105C7000012B08D1FB681B681A68FB681B6822F4BB
:105C800080621A6007E0FB681B685A68FB681B6843
:105C900042F480525A600023BB61FB681B685B6959
:105CA000BB61FB681B689B69BB61BB69FB68002229
:105CB00083F83C20FB681B685A68FB681B6842F449
:105CC00080725A60FB681B685A68FB681B6842F464
:105CD00000625A6049E000BF3000002089B5F81426
:105CE0000000FFFF6D7800082B7A0008FB68202277
:105CF00083F83D20FB68002283F83E20FB681B6C84
:105D000043F01002FB681A64FB68002283F83C2011
:105D100001232DE0F8883A8979897B6A019323234E
:105D200000930346F86801F0B9FC0346002B01D04C
:105D300001231DE000237B61FB681B685B697B61BD
:105D4000FB681B689B697B617B69FB681B681A6841
:105D5000FB681B6842F400721A60FB68202283F81B
:105D60003D20FB68002283F83C20002300E0022352
:105D700018462837BD4680BD80B588B000AF786032
:105D80000023BB617B681B685B687B617B68DB6AA7
:105D90003B617B6893F83E30FB737B6893F83D3042
:105DA000BB73FB7B102B03D0FB7B402B40F0C180EF
:105DB0007B681B689B69BB617B681B685B69FB61D7
:105DC000FB6903F00103002B0DD13B69B3F52A0FEA
:105DD00003D03B69B3F12A4F01D1012300E0002336
:105DE000012B00F03281FB6903F00103002B0CD082
:105DF0007B695B0A03F00103002B06D0786802F090
:105E000004F9786800F095FD92E0FB69DB0803F087
:105E10000103002B09D07B695B0A03F00103002B0F
:105E200003D0786800F00BFE82E0FB695B0803F0AA
:105E30000103002B09D07B695B0A03F00103002BEF
:105E400003D0786800F025FE72E0BB699B0803F080
:105E50000103002B3BD07B681B685B6803F4006385
:105E6000B3F5006F00F0F380FB69DB0903F0010379
:105E7000002B0FD07B699B0A03F00103002B09D094
:105E8000FB699B0803F00103002B03D1786800F045
:105E9000EDF94DE0FB699B0803F00103002B00F0D6
:105EA000D6807B695B0A03F00103002B00F0CF80F2
:105EB000BB7B212B03D1786800F074FAC7E0FB7B31
:105EC000402B40F0C480786800F0E2FABFE07B68C5
:105ED0001B685B6803F40063B3F5006F00F0B780E4
:105EE000FB699B0903F00103002B0FD07B699B0A20
:105EF00003F00103002B09D0FB699B0803F00103A9
:105F0000002B03D1786800F05BFB11E0FB699B0874
:105F100003F00103002B00F09A807B695B0A03F019
:105F20000103002B00F09380786800F011FC8EE0F4
:105F30008DE07B681B6C002B04D07B681B685B6961
:105F4000FB6107E07B681B689B69BB617B681B6822
:105F50005B69FB61FB695B0803F00103002B12D056
:105F60007B695B0A03F00103002B0CD07B681B6C80
:105F7000002B03D07B681B689B69BB61B96978689B
:105F800000F0D6FF66E0FB691B0903F00103002B5C
:105F900009D07B695B0A03F00103002B03D078680A
:105FA00001F010F856E0BB7B212B02D0BB7B292BE4
:105FB00025D1FB69DB0903F00103002B0FD07B69BE
:105FC0009B0A03F00103002B09D0FB699B0803F037
:105FD0000103002B03D1786800F0ECFE39E0FB6987
:105FE0009B0803F00103002B33D07B695B0A03F0AD
:105FF0000103002B2DD0786800F019FF29E0FB6920
:106000009B0903F00103002B0FD07B699B0A03F06F
:106010000103002B09D0FB699B0803F00103002B4F
:1060200003D1786800F024FF14E0FB699B0803F0BB
:106030000103002B0ED07B695B0A03F00103002BE8
:1060400008D0786800F052FF04E000BF02E000BF13
:1060500000E000BF2037BD4680BD80B58AB000AFEC
:1060600078607B681B685B693B627B681B685B6868
:10607000FB6100237B627B6893F83E30FB763B6AD2
:106080001B0A03F00103002B0ED0FB691B0A03F06F
:106090000103002B08D07B6A43F001037B627B681D
:1060A0001B686FF480725A613B6A5B0A03F001035C
:1060B000002B0ED0FB691B0A03F00103002B08D054
:1060C0007B6A43F002037B627B681B686FF400729B
:1060D0005A613B6A9B0A03F00103002B3FD0FB6926
:1060E0001B0A03F00103002B39D0FB7EBB767B68D3
:1060F0005B8D9BB27B617B6893F83D30FB747B6862
:106100001B6BFB60BB7E202B12D17B69002B0FD158
:10611000FB7C212B08D0FB7C292B05D0FB7C282B7A
:1061200006D1FB68212B03D1786801F07BF816E0DB
:106130007B681B686FF480625A617B6A43F00403DA
:106140007B62FB7E102B02D0FB7E402B07D17B684D
:106150001B681A687B681B6842F400721A603B6A0D
:10616000DB0A03F00103002B0ED0FB691B0A03F0CE
:106170000103002B08D07B6A43F008037B627B6835
:106180001B686FF400625A617B6A002B08D07B6841
:106190001A6C7B6A1A437B681A64786801F0B6F857
:1061A00000BF2837BD4680BD80B483B000AF7860A3
:1061B00000BF0C37BD465DF8047B704780B483B0E8
:1061C00000AF786000BF0C37BD465DF8047B7047B8
:1061D00080B483B000AF786000BF0C37BD465DF877
:1061E000047B704780B483B000AF786000BF0C3789
:1061F000BD465DF8047B704780B483B000AF786023
:106200000B46FB7013463B8000BF0C37BD465DF864
:10621000047B704780B483B000AF786000BF0C3758
:10622000BD465DF8047B704780B483B000AF7860F2
:1062300000BF0C37BD465DF8047B704780B483B067
:1062400000AF786000BF0C37BD465DF8047B704737
:1062500080B483B000AF78607B6893F83D30DBB2E8
:1062600018460C37BD465DF8047B704780B584B096
:1062700000AF78607B6893F83D30FB737B6893F8E0
:106280003E30BB737B68DB6ABB607B681B8D002B79
:1062900050D1FB7B212B4DD1BB68082B1DD0BB6897
:1062A000202B1AD0BB6813F5803F16D07B681B6883
:1062B0005A687B681B6822F4E0625A607B6811228E
:1062C0001A637B68002283F83E207B68202283F8D3
:1062D0003D207868FFF768FF60E07B681B685A68BC
:1062E0007B681B6822F4E0625A607B681B681A684E
:1062F0007B681B6842F400721A607B6800221A6394
:106300007B68202283F83D207B6893F83E30DBB227
:10631000402B07D17B68002283F83E207868FAF78B
:10632000A5FC3BE07B68002283F83E207868FFF7FD
:106330003BFF33E0FB7B212B05D0BB7B402B2DD1DA
:10634000FB7B222B2AD17B685B8D9BB2002B08D173
:106350007B681B685A687B681B6822F480625A60FD
:106360001CE07B6893F83E30DBB2402B03D17868A9
:1063700000F08EF812E07B685B6A1A787B681B6815
:106380001A617B685B6A5A1C7B685A627B685B8D0A
:106390009BB2013B9AB27B685A85FFE700BF10377A
:1063A000BD4680BD80B584B000AF78607B68DB6A95
:1063B000FB607B6893F83D30DBB2212B64D17B68B6
:1063C0005B8D9BB2002B12D07B685B6A1A787B686E
:1063D0001B681A617B685B6A5A1C7B685A627B681F
:1063E0005B8D9BB2013B9AB27B685A854CE0FB689F
:1063F000082B1DD0FB68202B1AD0FB6813F5803FBB
:1064000016D07B681B685A687B681B6822F4E062C0
:106410005A607B6811221A637B68002283F83E2051
:106420007B68202283F83D207868FFF7BDFE2BE0D3
:106430007B681B685A687B681B6822F4E0625A60BC
:106440007B681B681A687B681B6842F400721A60DC
:106450007B6800221A637B68202283F83D207B68DA
:1064600093F83E30DBB2402B07D17B68002283F8E3
:106470003E207868FAF7FAFB06E07B68002283F892
:106480003E207868FFF790FE00BF1037BD4680BD04
:1064900080B584B000AF78607B6893F83D30FB73C3
:1064A0007B681B6D002B1DD17B68DB6C012B0BD136
:1064B0007B689B6CDAB27B681B681A617B681B6D1A
:1064C0009A1C7B681A6577E07B689B6C9BB21B12F9
:1064D000DAB27B681B681A617B681B6D5A1C7B688B
:1064E0001A6569E07B681B6D012B0BD17B689B6C87
:1064F000DAB27B681B681A617B681B6D5A1C7B686B
:106500001A6559E07B681B6D022B52D1FB7B222B55
:106510000DD17B681B681A687B681B6842F4807227
:106520001A607B681B6D5A1C7B681A6544E07B68A7
:106530005B8D9BB2002B15D0FB7B212B12D17B688E
:106540005B6A1A787B681B681A617B685B6A5A1CF5
:106550007B685A627B685B8D9BB2013B9AB27B6819
:106560005A8529E07B685B8D9BB2002B24D1FB7B95
:10657000212B21D17B681B685A687B681B6822F439
:10658000E0625A607B681B681A687B681B6842F48B
:1065900000721A607B6800221A637B68202283F8ED
:1065A0003D207B68002283F83E207868FAF75EFB86
:1065B00002E07868FEF7E2FF00BF1037BD4680BDFD
:1065C00080B584B000AF78607B6893F83D30DBB273
:1065D000222B40F0B9807B68DB6AFB607B685B8DB7
:1065E0009BB2BB60BB68032B21D97B681B681A690F
:1065F0007B685B6AD2B21A707B685B6A5A1C7B68E4
:106600005A627B685B8D9BB2013B9AB27B685A856C
:106610007B685B8D9BB2032B40F096807B681B6888
:106620005A687B681B6822F480625A608CE07B6841
:10663000DB6A022B7FD0BB68012B02D0BB68002B2A
:1066400079D1786801F080FC0346002B4CD17B683F
:106650001B681A687B681B6822F480621A607B687A
:106660001B685A687B681B6822F4E0625A607B688A
:106670001B681A697B685B6AD2B21A707B685B6AB6
:106680005A1C7B685A627B685B8D9BB2013B9AB255
:106690007B685A857B68202283F83D207B6893F8CD
:1066A0003E30DBB2402B0AD17B68002283F83E20CB
:1066B0007B6800221A637868FAF7E8FA44E07B689E
:1066C000002283F83E20FB68082B02D0FB68202BB9
:1066D00003D17B6800221A6302E07B6812221A63EE
:1066E0007868FFF76BFD2FE07B681B685A687B6852
:1066F0001B6822F4E0625A607B681B681A697B6839
:106700005B6AD2B21A707B685B6A5A1C7B685A62F9
:106710007B685B8D9BB2013B9AB27B685A857B6834
:10672000202283F83D207B68002283F83E20786891
:10673000FFF77AFD08E07B681B685A687B681B6876
:1067400022F480625A60FFE700BF1037BD4680BD6B
:1067500080B584B000AF78607B68DB6AFB607B68E3
:106760005B8D9BB2042B1BD17B681B685A687B68CE
:106770001B6822F480625A607B681B681A697B6818
:106780005B6AD2B21A707B685B6A5A1C7B685A6279
:106790007B685B8D9BB2013B9AB27B685A85C4E0F3
:1067A0007B685B8D9BB2032B29D17B681B685A6881
:1067B0007B681B6822F480625A60FB68042B0AD055
:1067C000FB68022B07D07B681B681A687B681B6814
:1067D00022F480621A607B681B681A697B685B6AB6
:1067E000D2B21A707B685B6A5A1C7B685A627B68FB
:1067F0005B8D9BB2013B9AB27B685A8595E07B68C2
:106800005B8D9BB2022B7DD1FB68012B02D0FB6814
:10681000102B08D17B681B681A687B681B6822F400
:1068200080621A6016E0FB68042B02D0FB68022B22
:1068300008D17B681B681A687B681B6842F4806219
:106840001A6007E07B681B681A687B681B6842F463
:1068500000721A607B681B681A697B685B6AD2B237
:106860001A707B685B6A5A1C7B685A627B685B8D16
:106870009BB2013B9AB27B685A857B681B681A6998
:106880007B685B6AD2B21A707B685B6A5A1C7B6851
:106890005A627B685B8D9BB2013B9AB27B685A85DA
:1068A0007B681B685A687B681B6822F440725A60D8
:1068B0007B68202283F83D207B6893F83E30DBB272
:1068C000402B0AD17B68002283F83E207B6800229F
:1068D0001A637868FAF7DAF927E07B68002283F810
:1068E0003E20FB68082B02D0FB68202B03D17B687D
:1068F00000221A6302E07B6812221A637868FFF7AD
:106900005DFC12E07B681B681A697B685B6AD2B227
:106910001A707B685B6A5A1C7B685A627B685B8D65
:106920009BB2013B9AB27B685A8500BF1037BD46C7
:1069300080BD80B483B000AF78607B6893F83E3050
:10694000DBB2402B17D17B681B6D002B09D17B6814
:106950005B6CDBB21A467B681B6802F0FE021A61B0
:1069600067E07B685B6CDBB243F00103DAB27B6803
:106970001B681A615DE07B681B69B3F5804F33D1FA
:106980007B6893F83D30DBB2212B09D17B685B6CCF
:10699000DBB21A467B681B6802F0FE021A6108E04F
:1069A0007B685B6CDBB243F00103DAB27B681B6887
:1069B0001A617B685B6B002B04D07B685B6BDB6BC5
:1069C000002B08D17B689B6B002B32D07B689B6BC4
:1069D000DB6B002B2DD07B681B685A687B681B68BB
:1069E00042F400625A6024E07B681B6D002B0ED1DC
:1069F0007B685B6C9BB2DB11DBB203F00603DBB29E
:106A000063F00F03DAB27B681B681A6111E07B68E0
:106A10001B6D012B0DD17B685B6C9BB2DB11DBB274
:106A200003F00603DBB263F00E03DAB27B681B6887
:106A30001A6100BF0C37BD465DF8047B704780B417
:106A400083B000AF78607B685B6CDAB27B681B68F0
:106A50001A617B685B6B002B04D07B685B6BDB6B24
:106A6000002B08D17B689B6B002B0CD07B689B6B49
:106A7000DB6B002B07D07B681B685A687B681B6840
:106A800042F400625A6000BF0C37BD465DF8047BDB
:106A9000704780B491B000AF78607B6893F83E3067
:106AA00087F83F307B68DB6ABB637B681B6B7B636B
:106AB0007B6893F83D30DBB2222B40F069817B6824
:106AC0001B6D002B0FD197F83F30402B0BD10023CB
:106AD0003B637B681B685B693B637B681B689B69E6
:106AE0003B633B6B60E17B681B6D002B1DD17B68BA
:106AF0001B69B3F5404F18D10023FB627B681B680C
:106B00005B69FB627B681B689B69FB62FB6A7B6855
:106B10001B681A687B681B6842F480721A607B6885
:106B20001B6D5A1C7B681A653EE17B685B8D9BB2CE
:106B3000002B13D10023BB627B681B685B69BB62BF
:106B40007B681B689B69BB62BB6A7B681B681A68B1
:106B50007B681B6842F400721A6015E17B685B8DEC
:106B60009BB2012B40F08A80BB6B13F5803F37D17D
:106B70007B681B681A687B681B6822F480621A6055
:106B80007B681B685B6803F40063B3F5006F13D187
:106B90007B681B681A687B681B6822F480621A6035
:106BA00000237B627B681B685B697B627B681B6878
:106BB0009B697B627B6AE7E000233B627B681B6822
:106BC0005B693B627B681B689B693B623B6A7B68D5
:106BD0001B681A687B681B6842F400721A60D3E075
:106BE000BB6B082B2ED0BB6B202B2BD07B6B122BBF
:106BF00002D1BB6B012B25D1BB6B042B0ED0BB6B21
:106C0000022B0BD0BB6B102B08D07B681B681A685B
:106C10007B681B6822F480621A6007E07B681B684F
:106C20001A687B681B6842F480621A600023FB616B
:106C30007B681B685B69FB617B681B689B69FB6108
:106C4000FB69A1E07B681B681A687B681B6822F4FB
:106C500080621A600023BB617B681B685B69BB6153
:106C60007B681B689B69BB61BB697B681B681A6892
:106C70007B681B6842F400721A6085E07B685B8D5C
:106C80009BB2022B4DD1BB6B042B16D0BB6B022BDE
:106C900013D0BB6B102B10D07B681B681A687B6805
:106CA0001B6822F480621A607B681B681A687B6824
:106CB0001B6842F400621A6007E07B681B681A6870
:106CC0007B681B6842F480621A607B681B685B68A3
:106CD00003F40063B3F5006F17D1BB6B13F5803F6E
:106CE0000BD0BB6B012B08D0BB6B082B05D0BB6B4B
:106CF000102B02D0BB6B202B07D17B681B685A6816
:106D00007B681B6842F480525A6000237B617B6879
:106D10001B685B697B617B681B689B697B617B6926
:106D200032E07B681B681A687B681B6842F48062EB
:106D30001A607B681B685B6803F40063B3F5006F3F
:106D400017D1BB6B13F5803F0BD0BB6B012B08D069
:106D5000BB6B082B05D0BB6B102B02D0BB6B202B61
:106D600007D17B681B685A687B681B6842F48052B5
:106D70005A6000233B617B681B685B693B617B68F1
:106D80001B689B693B613B697B6800221A650BE0CD
:106D90000023FB607B681B685B69FB607B681B688A
:106DA0009B69FB60FB68FFE700BF4437BD465DF8A9
:106DB000047B704780B584B000AF78607B6893F83F
:106DC0003D30FB737B685B8D9BB2002B2BD07B68C7
:106DD0005B6A1A787B681B681A617B685B6A5A1C5D
:106DE0007B685A627B685B8D9BB2013B9AB27B6881
:106DF0005A857B685B8D9BB2002B14D1FB7B292BC2
:106E000011D17B681B685A687B681B6822F480621A
:106E10005A607B6821221A637B68282283F83D2010
:106E20007868FFF7D5F900BF1037BD4680BD80B444
:106E300083B000AF78607B685B8D9BB2002B11D074
:106E40007B685B6A1A787B681B681A617B685B6A7F
:106E50005A1C7B685A627B685B8D9BB2013B9AB27D
:106E60007B685A8500BF0C37BD465DF8047B7047D0
:106E700080B584B000AF78607B6893F83D30FB73D9
:106E80007B685B8D9BB2002B2CD07B681B681A69DA
:106E90007B685B6AD2B21A707B685B6A5A1C7B683B
:106EA0005A627B685B8D9BB2013B9AB27B685A85C4
:106EB0007B685B8D9BB2002B14D1FB7B2A2B11D1FD
:106EC0007B681B685A687B681B6822F480625A6082
:106ED0007B6822221A637B68282283F83D20786829
:106EE000FFF780F900BF1037BD4680BD80B483B086
:106EF00000AF78607B685B8D9BB2002B12D07B6803
:106F00001B681A697B685B6AD2B21A707B685B6A1D
:106F10005A1C7B685A627B685B8D9BB2013B9AB2BC
:106F20007B685A8500BF0C37BD465DF8047B70470F
:106F300080B584B000AF786039600023FB737B6854
:106F400093F83D30DBB203F02803282B27D17B6870
:106F50001B685A687B681B6822F480625A603B6831
:106F60009B0803F00103002B01D10123FB733B6855
:106F7000DB0903F00103002B03D17B68DB68BB81D5
:106F800002E07B689B69BB817B68002283F83C2020
:106F9000BA89FB7B19467868FFF72EF90EE00023CB
:106FA000BB607B681B685B69BB607B681B689B6917
:106FB000BB60BB687B68002283F83C2000BF1037B1
:106FC000BD4680BD80B584B000AF78607B6893F823
:106FD0003D30FB737B681B685A687B681B6822F432
:106FE000E0625A600023BB607B681B685B69BB6022
:106FF0007B681B681A687B681B6842F001021A6094
:10700000BB687B681B681A687B681B6822F4806217
:107010001A607B681B685B6803F40063B3F5006F5C
:1070200072D1FB7B222B02D0FB7B2A2B35D17B68D4
:107030009B6B1B685B689AB27B685A857B685B8D2B
:107040009BB2002B05D07B681B6C43F004027B686D
:107050001A647B681B685A687B681B6822F40062AC
:107060005A607B689B6B1846FDF792FE0346012B26
:1070700049D07B689B6B694A1A657B689B6B184695
:10708000FDF7DAFC0346002B3DD07B689B6B1B6D44
:107090007A68926B1046984735E07B685B6B1B689B
:1070A0005B689AB27B685A857B685B8D9BB2002BCC
:1070B00005D07B681B6C43F004027B681A647B6814
:1070C0001B685A687B681B6822F400625A607B6800
:1070D0005B6B1846FDF75CFE0346012B14D07B6802
:1070E0005B6B4E4A1A657B685B6B1846FDF7A4FC28
:1070F0000346002B08D07B685B6B1B6D7A68526B74
:107100001046984700E000BF7B685B8D9BB2002B68
:107110003ED07B681B685B6903F00403042B12D12B
:107120007B681B681A697B685B6AD2B21A707B68DD
:107130005B6A5A1C7B685A627B685B8D9BB2013B21
:107140009AB27B685A857B681B685B6903F04003D1
:10715000402B12D17B681B681A697B685B6AD2B2CC
:107160001A707B685B6A5A1C7B685A627B685B8D0D
:107170009BB2013B9AB27B685A857B685B8D9BB260
:10718000002B05D07B681B6C43F004027B681A64FB
:107190007B681B6C002B03D0786800F0B7F839E0EF
:1071A000FB7B2A2B09D17B6800221A637B6828228B
:1071B00083F83D207868FFF715F87B6893F83D3039
:1071C000DBB2282B11D17B68154ADA627B6800227A
:1071D0001A637B68202283F83D207B68002283F8B5
:1071E0003E207868FFF716F814E07B681B6B222BB3
:1071F00002D0FB7B222B0DD17B6800221A637B68B7
:10720000202283F83D207B68002283F83E207868A6
:10721000FEF7E8FF00BF1037BD4680BDA57A000825
:107220000000FFFF80B584B000AF78607B6893F802
:107230003D30FB737B68DB6ABB60BB68082B02D008
:10724000BB68202B29D1FB7B282B26D17B682E4ABB
:10725000DA627B681B685A687B681B6822F4E0620C
:107260005A607B681B686FF480625A617B681B6898
:107270001A687B681B6822F480621A607B680022AF
:107280001A637B68202283F83D207B68002283F804
:107290003E207868FEF7BEFF31E0FB7B212B29D131
:1072A0007B68194ADA627B6821221A637B68202294
:1072B00083F83D207B68002283F83E207B681B68B2
:1072C0005A687B681B6822F4E0625A607B681B681E
:1072D0006FF480625A617B681B681A687B681B6860
:1072E00022F480621A607868FEF748F97868FEF741
:1072F0006FFF04E07B681B686FF480625A6100BF17
:107300001037BD4680BD00BF0000FFFF80B584B0D0
:1073100000AF78607B6893F83D30FB737B6893F82F
:107320003E30BB73BB7B102B02D0BB7B402B0AD102
:10733000FB7B222B07D17B681B681A687B681B6864
:1073400022F400621A60FB7B03F02803282B07D18C
:107350007B6800221A637B68282283F83D2015E0B1
:107360007B681B685B6803F40063B3F5006F0AD0A9
:10737000FB7B602B07D07B68202283F83D207B6855
:10738000002283F83E207B6800221A637B681B681A
:107390005B6803F40063B3F5006F62D17B681B6820
:1073A0005A687B681B6822F400625A607B685B6BDA
:1073B00093F83530DBB2012B20D07B685B6B6A4AD7
:1073C0001A657B685B6B1846FDF736FB0346002B9E
:1073D00000F089807B681B681A687B681B6822F054
:1073E00001021A607B68202283F83D207B685B6B7A
:1073F0001B6D7A68526B1046984774E07B689B6BF4
:10740000594A1A657B689B6B1846FDF715FB0346C6
:10741000002B68D07B681B685B6903F04003402B3E
:107420000BD17B681B681A697B685B6AD2B21A70E1
:107430007B685B6A5A1C7B685A627B681B681A68A7
:107440007B681B6822F001021A607B68202283F8A7
:107450003D207B689B6B1B6D7A68926B104698474A
:1074600041E07B6893F83D30DBB2602B25D17B682F
:10747000202283F83D207B6800221A647B681B6809
:107480005B6903F04003402B0BD17B681B681A69D2
:107490007B685B6AD2B21A707B685B6A5A1C7B6835
:1074A0005A627B681B681A687B681B6822F00102BD
:1074B0001A607868FEF7C2FE15E07B681B685B699E
:1074C00003F04003402B0BD17B681B681A697B6873
:1074D0005B6AD2B21A707B685B6A5A1C7B685A621C
:1074E0007868FEF7A1FE7B681B6CBB60BB6803F08D
:1074F0000103002B0ED1BB6803F00203002B09D15E
:10750000BB6803F00403002B04D1BB6803F008033D
:10751000002B07D07B681B685A687B681B6822F4C5
:10752000E0625A607B6893F83D30FB737B681B6CAC
:1075300003F00403042B13D1FB7B282B10D17B68B1
:107540000A4ADA627B6800221A637B68202283F889
:107550003D207B68002283F83E207868FEF75AFEC3
:1075600000BF1037BD4680BDA57A00080000FFFFB0
:1075700080B588B002AFF860084611461A46034647
:107580007B810B463B811346FB80FB681B681A68B6
:10759000FB681B6842F480721A607B6A00933B6A46
:1075A00000224FF00111F86800F024FB0346002B85
:1075B0000DD0FB681B681B6803F48073B3F5807FF4
:1075C00003D1FB684FF400721A6403235FE07B89E8
:1075D000DBB21A46FB681B6802F0FE021A617B6A86
:1075E0003A6A2D49F86800F07FFB0346002B01D072
:1075F00001234CE000237B61FB681B685B697B61B6
:10760000FB681B689B697B617B697A6A396AF868E9
:1076100000F00AFC0346002B0DD0FB681B6C042B0A
:1076200007D1FB681B681A68FB681B6842F400728C
:107630001A6001232BE0FB88012B05D13B89DAB2CC
:10764000FB681B681A6121E03B891B0A9BB2DAB216
:10765000FB681B681A617A6A396AF86800F0E4FB13
:107660000346002B0DD0FB681B6C042B07D1FB6875
:107670001B681A68FB681B6842F400721A600123D9
:1076800005E03B89DAB2FB681B681A6100231846E3
:107690001837BD4680BD00BF0200010080B588B02C
:1076A00002AFF860084611461A4603467B810B4636
:1076B0003B811346FB80FB681B681A68FB681B68EC
:1076C00042F480621A60FB681B681A68FB681B68DA
:1076D00042F480721A607B6A00933B6A00224FF08A
:1076E0000111F86800F086FA0346002B0DD0FB6804
:1076F0001B681B6803F48073B3F5807F03D1FB68BC
:107700004FF400721A640323AAE07B89DBB21A46A5
:10771000FB681B6802F0FE021A617B6A3A6A5249F2
:10772000F86800F0E1FA0346002B01D0012397E04E
:1077300000237B61FB681B685B697B61FB681B68DE
:107740009B697B617B697A6A396AF86800F06CFB37
:107750000346002B0DD0FB681B6C042B07D1FB6884
:107760001B681A68FB681B6842F400721A600123E8
:1077700076E0FB88012B05D13B89DAB2FB681B68F8
:107780001A6121E03B891B0A9BB2DAB2FB681B68D5
:107790001A617A6A396AF86800F046FB0346002BE2
:1077A0000DD0FB681B6C042B07D1FB681B681A68A3
:1077B000FB681B6842F400721A60012350E03B89A9
:1077C000DAB2FB681B681A617A6A396AF86800F0F5
:1077D0002BFB0346002B0DD0FB681B6C042B07D141
:1077E000FB681B681A68FB681B6842F400721A6029
:1077F000012335E0FB681B681A68FB681B6842F4CC
:1078000080721A607B6A00933B6A00224FF001117C
:10781000F86800F0EFF90346002B0DD0FB681B68F9
:107820001B6803F48073B3F5807F03D1FB684FF4CA
:1078300000721A64032313E07B89DBB243F0010377
:10784000DAB2FB681B681A617B6A3A6A0649F86813
:1078500000F04AFA0346002B01D0012300E0002388
:1078600018461837BD4680BD0200010080B586B0BD
:1078700000AF78607B689B6B7B617B6993F83D30E0
:10788000FB747B6993F83E30BB747B69DB6AFB60F9
:107890007B691B685A687B691B6822F440725A60D6
:1078A0007B695B6B002B03D07B695B6B0022DA6327
:1078B0007B699B6B002B03D07B699B6B0022DA6397
:1078C000FB7C03F02103212B07D0FB7C03F0220378
:1078D000222B31D1BB7C202B2ED17B691B685A68AF
:1078E0007B691B6822F400625A607B6900225A851A
:1078F000FB7C292B0AD17B6921221A637B69282210
:1079000083F83D207869FEF763FC0CE0FB7C2A2BB2
:1079100009D17B6922221A637B69282283F83D20E2
:107920007869FEF75FFC7B691B685A687B691B6896
:1079300042F440725A6074E07B6993F83E30DBB2E7
:10794000002B6ED07B695B8D9BB2012B07D17B69CD
:107950001B681A687B691B6822F480621A607B6965
:107960001B685A687B691B6822F440725A60FB6886
:1079700013F5803F09D0FB68082B06D0FB68B3F1F4
:107980002A4F02D0FB68202B07D17B691B681A683D
:107990007B691B6842F400721A607B691B685A6835
:1079A0007B691B6822F480525A607B691B685A68A5
:1079B0007B691B6822F400625A607B6900225A8549
:1079C0007B691B6C002B03D07869FEF72DFC28E047
:1079D0007B69202283F83D207B6993F83E30DBB23F
:1079E000402B0AD17B69002283F83E207B6900226C
:1079F0001A637869F9F74AF913E07B69002283F882
:107A00003E20FB68082B02D0FB68202B03D17B694A
:107A100000221A6302E07B6912221A637869FEF77A
:107A2000CDFB00BF1837BD4680BD80B584B000AF28
:107A300078607B689B6BFB60FB685B6B002B03D003
:107A4000FB685B6B0022DA63FB689B6B002B03D047
:107A5000FB689B6B0022DA637868FDF7A7F90346A1
:107A6000022B1BD0FB681B681A68FB681B6822F49A
:107A700080621A60FB6800225A85FB68202283F826
:107A80003D20FB68002283F83E20FB681B6C43F01E
:107A90001002FB681A64F868FEF7C6FB00BF1037D7
:107AA000BD4680BD80B586B000AF78600023FB6026
:107AB0007B689B6B7B617B6993F83D30FB744B4B20
:107AC0001B68DB084A4AA2FB03231A0A13469B00E1
:107AD0001344DA00D31AFB60FB68002B06D17B69E4
:107AE0001B6C43F020027B691A640AE0FB68013BCF
:107AF000FB607B691B681B6803F40073B3F5007FB0
:107B0000EAD07B695B6B002B03D07B695B6B002247
:107B1000DA637B699B6B002B03D07B699B6B002234
:107B2000DA637B691B681A687B691B6822F48062D0
:107B30001A607B6900225A857B695B6B002B03D03E
:107B40007B695B6B00221A657B699B6B002B03D002
:107B50007B699B6B00221A657B691B681A687B69CD
:107B60001B6822F001021A607B6993F83D30DBB29A
:107B7000602B0ED17B69202283F83D207B69002297
:107B800083F83E207B6900221A647869FEF756FB71
:107B900027E0FB7C03F02803282B17D17B691B68A7
:107BA0001A687B691B6842F001021A607B691B68D6
:107BB0001A687B691B6842F480621A607B69002244
:107BC0001A637B69282283F83D2007E07B69202225
:107BD00083F83D207B69002283F83E207869FEF718
:107BE00023FB00BF1837BD4680BD00BF300000201A
:107BF00089B5F81480B584B000AFF860B9603B6017
:107C00001346FB7148E03B68B3F1FF3F44D0FBF7FC
:107C1000ABFF0246BB69D31A3A689A4202D33B686B
:107C2000002B39D1BB681B0CDBB2012B0DD1FB68DB
:107C30001B685B69DA43BB6813409BB2002B0CBF27
:107C400001230023DBB21A460CE0FB681B689B692A
:107C5000DA43BB6813409BB2002B0CBF0123002307
:107C6000DBB21A46FB799A4216D1FB6800221A63EE
:107C7000FB68202283F83D20FB68002283F83E2029
:107C8000FB681B6C43F02002FB681A64FB6800224F
:107C900083F83C20012323E0BB681B0CDBB2012BE3
:107CA0000DD1FB681B685B69DA43BB6813409BB26C
:107CB000002B0CBF01230023DBB21A460CE0FB684B
:107CC0001B689B69DA43BB6813409BB2002B0CBF57
:107CD00001230023DBB21A46FB799A4293D000239A
:107CE00018461037BD4680BD80B584B000AFF8603F
:107CF000B9607A603B6071E0FB681B685B6903F404
:107D00008063B3F5806F23D1FB681B681A68FB683A
:107D10001B6842F400721A60FB681B686FF4806293
:107D20005A61FB6800221A63FB68202283F83D2019
:107D3000FB68002283F83E20FB681B6C43F00402C2
:107D4000FB681A64FB68002283F83C20012367E08B
:107D50007B68B3F1FF3F41D0FBF706FF02463B686B
:107D6000D31A7A689A4202D37B68002B36D1BB685B
:107D70001B0CDBB2012B0CD1FB681B685B69DA437F
:107D8000BB6813409BB2002B14BF01230023DBB25E
:107D90000BE0FB681B689B69DA43BB6813409BB22E
:107DA000002B14BF01230023DBB2002B16D0FB688D
:107DB00000221A63FB68202283F83D20FB68002222
:107DC00083F83E20FB681B6C43F02002FB681A64BA
:107DD000FB68002283F83C20012321E0BB681B0CD8
:107DE000DBB2012B0CD1FB681B685B69DA43BB6813
:107DF00013409BB2002B14BF01230023DBB20BE026
:107E0000FB681B689B69DA43BB6813409BB2002B7D
:107E100014BF01230023DBB2002B7FF46DAF0023DE
:107E200018461037BD4680BD80B584B000AFF860FD
:107E3000B9607A6034E0F86800F0B8F80346002BC7
:107E400001D0012334E0BB68B3F1FF3F28D0FBF73A
:107E50008BFE02467B68D31ABA689A4202D3BB688B
:107E6000002B1DD1FB681B685B6903F08003802B2E
:107E700016D0FB6800221A63FB68202283F83D209D
:107E8000FB68002283F83E20FB681B6C43F0200255
:107E9000FB681A64FB68002283F83C20012307E09A
:107EA000FB681B685B6903F08003802BC3D1002350
:107EB00018461037BD4680BD80B584B000AFF8606D
:107EC000B9607A6034E0F86800F070F80346002B7F
:107ED00001D0012334E0BB68B3F1FF3F28D0FBF7AA
:107EE00043FE02467B68D31ABA689A4202D3BB6843
:107EF000002B1DD1FB681B685B6903F00403042B96
:107F000016D0FB6800221A63FB68202283F83D200C
:107F1000FB68002283F83E20FB681B6C43F02002C4
:107F2000FB681A64FB68002283F83C20012307E009
:107F3000FB681B685B6903F00403042BC3D10023B7
:107F400018461037BD4680BD80B485B000AF78605C
:107F50000023FB60134B1B68DB08134AA2FB0323BF
:107F60001A0A13469B001344FB60FB68013BFB604D
:107F7000FB68002B07D17B681B6C43F020027B68F9
:107F80001A64012308E07B681B681B6803F4007314
:107F9000B3F5007FE9D0002318461437BD465DF8DD
:107FA000047B70473000002089B5F81480B483B09A
:107FB00000AF78607B681B685B6903F48063B3F58E
:107FC000806F1BD17B681B686FF480625A617B688D
:107FD00000221A637B68202283F83D207B68002200
:107FE00083F83E207B681B6C43F004027B681A64B4
:107FF0007B68002283F83C20012300E00023184620
:108000000C37BD465DF8047B704780B483B000AF89
:1080100078607B68DB6AB3F52A0F03D17B680122A5
:10802000DA6207E07B68DB6AB3F12A4F02D17B6832
:108030000822DA6200BF0C37BD465DF8047B70474A
:1080400080B586B002AF78607B68002B01D1012338
:1080500001E17B681B68BB607B6893F89534DBB2F9
:10806000002B06D17B68002283F89424786807F0FF
:10807000DBFA7B68032283F89524BB68B3F1A04F39
:1080800002D17B6800229A717B681B68184603F056
:1080900032FE7B6818687B681A7C8DF800200433F8
:1080A0000ECB03F011FD0346002B05D07B680222A6
:1080B00083F895240123CEE07B681B6800211846D5
:1080C00003F02AFE0346002B05D07B68022283F8CA
:1080D00095240123BFE00023FB734AE0FA7B796813
:1080E0001346DB0013449B000B44153301221A7026
:1080F000FA7B79681346DB0013449B000B4414336E
:10810000FA7B1A70FA7BFB7B98B279681346DB0026
:1081100013449B000B442E3302461A80FA7B796885
:108120001346DB0013449B000B44183300221A70E3
:10813000FA7B79681346DB0013449B000B441C3325
:1081400000221A60FA7B79681346DB0013449B0017
:108150000B44203300221A60FA7B79681346DB0057
:1081600013449B000B44243300221A60FB7B013331
:10817000FB737B681B79FA7B9A42AFD30023FB73B6
:1081800044E0FA7B79681346DB0013449B000B4400
:1081900003F2552300221A70FA7B79681346DB003C
:1081A00013449B000B4403F51573FA7B1A70FA7B9A
:1081B00079681346DB0013449B000B4403F51673E8
:1081C00000221A70FA7B79681346DB0013449B0087
:1081D0000B4403F5177300221A60FA7B7968134683
:1081E000DB0013449B000B4403F5187300221A6054
:1081F000FA7B79681346DB0013449B000B4403F5BC
:10820000197300221A60FB7B0133FB737B681B79B7
:10821000FA7B9A42B5D37B6818687B681A7C8DF824
:10822000002004330ECB03F0C3FD0346002B05D022
:108230007B68022283F8952401230CE07B680022EE
:108240005A747B68012283F895247B681B68184662
:1082500004F00DFE002318461037BD4680BD80B5E2
:1082600084B000AF78607B681B68FB607B6893F824
:108270009434012B01D1022322E07B68012283F890
:108280009424FB68DB6803F04003002B09D07B6873
:108290005B7B012B05D1FB689B6B43F48032FB6851
:1082A0009A637B681B68184603F014FD7B681B68A3
:1082B000184604F0BBFD7B68002283F89424002359
:1082C00018461037BD4680BD90B58DB000AF7860C0
:1082D0007B681B683B623B6AFB617B681B681846D6
:1082E00004F079FE0346002B40F08C847B681B6809
:1082F000184604F0DDFD0346002B00F08284FB6984
:1083000003F500639B681B0AC3F30D027B68C3F887
:10831000D4247B681B68184604F0CAFD034603F0AA
:108320000203022B07D17B681B685A697B681B68B4
:1083300002F002025A617B681B68184604F0B8FD1F
:10834000034603F01003102B61D17B681B689A6908
:108350007B681B6822F010029A613B6A1B6ABB6152
:10836000BB6903F00F021346DB0013449B0003F5C7
:1083700014737A68134404337B61BB6903F4F0130C
:10838000B3F5802F24D1BA6947F6F0731340002B60
:1083900035D07B69D968BB691B099BB2C3F30A035B
:1083A0009BB21A46386A04F0EFFB7B69DA68BB6956
:1083B0001B09C3F30A031A447B69DA607B695A69B3
:1083C000BB691B09C3F30A031A447B695A6116E0AF
:1083D000BB6903F4F013B3F5402F10D17B6803F2AF
:1083E0009C4308221946386A04F0CEFB7B695A691F
:1083F000BB691B09C3F30A031A447B695A617B6892
:108400001B689A697B681B6842F010029A617B685E
:108410001B68184604F04CFD034603F40023B3F533
:10842000002F40F0A78000237B627B681B68184602
:1084300004F051FDB86299E0BB6A03F00103002B20
:1084400000F08E807B681B687A6AD2B211461846AB
:1084500004F075FD38613B6903F00103002B0CD07B
:108460007B6A5A01FB69134403F530631A46012302
:108470009360796A786800F0A3FE3B6903F0080313
:10848000002B0CD07B6A5A01FB69134403F530635F
:108490001A4608239360796A786800F079FF3B698F
:1084A00003F01003002B08D07B6A5A01FB691344C8
:1084B00003F530631A46102393603B6903F002030F
:1084C000002B30D03B6A5B6903F08003802B09D11D
:1084D000FB6903F500635B68FA6902F5006243F427
:1084E000806353607A6A1346DB0013449B0003F5F4
:1084F00014737A68134404337B617B69DB78012B46
:1085000008D17B690022DA707B6ADBB21946786891
:1085100007F086F97B6A5A01FB69134403F530635F
:108520001A46022393603B6903F02003002B08D016
:108530007B6A5A01FB69134403F530631A46202312
:1085400093603B6903F40053002B09D07B6A5A0106
:10855000FB69134403F530631A464FF400539360EC
:108560007B6A01337B62BB6A5B08BB62BB6A002B20
:108570007FF462AF7B681B68184604F099FC0346E1
:1085800003F48023B3F5802F40F0DB807B681B6809
:10859000184604F0BAFCB86200237B62CDE0BB6AE7
:1085A00003F00103002B00F0C2807B681B687A6A2D
:1085B000D2B21146184604F0E0FC38613B6903F082
:1085C0000103002B57D07B6A03F00F03012202FA4C
:1085D00003F3FB60FB6903F500635A6BFB68DB4345
:1085E000F96901F5006113404B637B6A5A01FB692D
:1085F000134403F510631A46012393607B689B794B
:10860000012B32D179687A6A1346DB0013449B0050
:108610000B442033196878687A6A1346DB001344E8
:108620009B0003441C331B68194478687A6A13461C
:10863000DB0013449B000344203319607B6A002B4A
:1086400013D179687A6A1346DB0013449B000B440C
:1086500024331B68002B08D17B6818687B6803F201
:108660009C431A46012104F0E7FC7B6ADBB2194601
:10867000786807F05AF83B6903F00803002B08D02C
:108680007B6A5A01FB69134403F510631A460823F9
:1086900093603B6903F01003002B08D07B6A5A01FA
:1086A000FB69134403F510631A46102393603B697A
:1086B00003F04003002B08D07B6A5A01FB69134486
:1086C00003F510631A46402393603B6903F00203ED
:1086D000002B23D0796A386A03F0CEFC7A6A1346FD
:1086E000DB0013449B0010337A68134404337B612E
:1086F0007B69DB78012B08D17B690022DA707B6A09
:10870000DBB21946786807F09DF87B6A5A01FB696D
:10871000134403F510631A46022393603B6903F088
:108720008003002B03D0796A786800F0BDFC7B6A77
:1087300001337B62BB6A5B08BB62BB6A002B7FF4C0
:108740002EAF7B681B68184604F0B2FB034603F0AB
:108750000043B3F1004F22D1FB6903F500635B686E
:10876000FA6902F5006223F0010353607B6893F815
:10877000CC34012B08D17B68002283F8CC24002163
:10878000786800F0A3FE02E0786807F03BF87B68A9
:108790001B685A697B681B6802F000425A617B685B
:1087A0001B68184604F084FB034603F40063B3F52A
:1087B000006F12D1FB6903F500639B6803F00103AE
:1087C000012B02D1786806F0F7FF7B681B685A69B5
:1087D0007B681B6802F400625A617B681B6818465C
:1087E00004F066FB034603F48053B3F5805F40F06A
:1087F000B780FB6903F500635B68FA6902F5006204
:1088000023F0010353607B681B681021184603F0B6
:1088100033FC0023FB6246E0FB6A5A01FB69134408
:1088200003F510631A464FF67F339360FB6A5A01D3
:10883000FB69134403F510631B68FA6A5101FA6976
:108840000A4402F5106223F400131360FB6A5A0114
:10885000FB69134403F530631A464FF67F33936088
:10886000FB6A5A01FB69134403F530631B68FA6A1B
:108870005101FA690A4402F5306223F400131360CF
:10888000FB6A5A01FB69134403F530631B68FA6AFB
:108890005101FA690A4402F5306243F00063136043
:1088A000FB6A0133FB627B681B791A46FB6A9342C1
:1088B000B2D3FB6903F50063DB69FA6902F5006274
:1088C00043F00113D3617B68DB7B002B16D0FB697F
:1088D00003F50063D3F88430FA6902F5006243F0CF
:1088E0000B03C2F88430FB6903F500635B6CFA6923
:1088F00002F5006243F00B03536415E0FB6903F5D6
:1089000000635B69FA6902F5006243F4005343F0C7
:108910002B035361FB6903F500631B69FA6902F5D8
:10892000006243F00B031361FB6903F500631B68EE
:10893000FA6902F5006223F4FE6313607B6818682D
:108940007B6899797B6803F29C431A4604F074FBB8
:108950007B681B685A697B681B6802F480525A6105
:108960007B681B68184604F0A3FA034603F400531F
:10897000B3F5005F23D17B681B68184604F039FB10
:108980007B681B68184603F0F0FB03461A467B68B9
:10899000DA717B681C6801F0C9F901467B68DB79F4
:1089A0001A46204603F0F4F8786806F0E6FE7B6885
:1089B0001B685A697B681B6802F400525A617B6825
:1089C0001B68184604F074FA034603F00803082BEA
:1089D0000AD1786806F0C3FE7B681B685A697B6819
:1089E0001B6802F008025A617B681B68184604F095
:1089F0005FFA034603F08003802B23D13B6A9B6917
:108A000023F080023B6A9A6101237B6214E079685B
:108A10007A6A1346DB0013449B000B4403F257238E
:108A20001B78012B05D17B6ADBB21946786800F010
:108A30000AFB7B6A01337B627B681B791A467B6A7F
:108A40009342E4D37B681B68184604F031FA03466E
:108A500003F48013B3F5801F3CD101237B622BE02C
:108A60007B6A5A01FB69134403F510631B68BB6101
:108A700079687A6A1346DB0013449B000B44183371
:108A80001B78012B15D1BB69002B12DA79687A6A41
:108A90001346DB0013449B000B44173301221A706A
:108AA0007B6ADBB263F07F03DBB21946786800F0C3
:108AB000CAFA7B6A01337B627B681B791A467B6A40
:108AC0009342CDD37B681B685A697B681B6802F4AC
:108AD00080125A617B681B68184604F0E9F9034666
:108AE00003F40013B3F5001F56D101237B6245E068
:108AF0007B6A5A01FB69134403F530631B68BB6151
:108B000079687A6A1346DB0013449B000B4403F533
:108B100016731B78012B2ED1BB69002B2BDABB6996
:108B20001A0C7B68D3F8D434534003F00103002BB4
:108B300021D179687A6A1346DB0013449B000B4409
:108B400003F2572301221A703B6A9B6943F08002AB
:108B50003B6A9A613B6A5B6903F08003002B0AD190
:108B6000FB6903F500635B68FA6902F5006243F490
:108B70000073536008E07B6A01337B627B681B797A
:108B80001A467B6A9342B3D37B681B685A697B6839
:108B90001B6802F400125A617B681B68184604F0D7
:108BA00087F9034603F08043B3F1804F0AD1786818
:108BB00006F05AFE7B681B685A697B681B6802F0E6
:108BC00080425A617B681B68184604F071F90346BD
:108BD00003F00403042B15D17B681B685B68BB6141
:108BE000BB6903F00403002B02D0786806F04AFE4C
:108BF0007B681B6859687B681B68BA690A435A60BE
:108C000000E000BF3437BD4690BD80B582B000AFF4
:108C100078600B46FB707B6893F89434012B01D18C
:108C2000022312E07B68012283F894247B68FA789F
:108C30005A747B681B68FA781146184604F0D0F81D
:108C40007B68002283F89424002318460837BD4629
:108C500080BD80B584B000AF7860084611461A46E2
:108C60000346FB700B463B801346BB700023FB7230
:108C700097F90330002B0FDAFB7803F00F0213464D
:108C8000DB0013449B0010337A6813440433FB6009
:108C9000FB6801225A700FE0FB7803F00F021346C5
:108CA000DB0013449B0003F514737A681344043308
:108CB000FB60FB6800225A70FB7803F00F03DAB206
:108CC000FB681A703B88C3F30A02FB689A60FB6872
:108CD000BA781A71FB685B78002B04D0FB681B78AC
:108CE0001A46FB685A83BB78022B02D1FB6800222C
:108CF0005A717B6893F89434012B01D102230EE062
:108D00007B68012283F894247B681B68F968184605
:108D100003F050FA7B68002283F89424FB7A18460B
:108D20001037BD4680BD80B584B000AF78600B467B
:108D3000FB7097F90330002B0FDAFB7803F00F027A
:108D40001346DB0013449B0010337A68134404334A
:108D5000FB60FB6801225A700FE0FB7803F00F0202
:108D60001346DB0013449B0003F514737A68134425
:108D70000433FB60FB6800225A70FB7803F00F039A
:108D8000DAB2FB681A707B6893F89434012B01D136
:108D900002230EE07B68012283F894247B681B6821
:108DA000F968184603F08EFA7B68002283F8942451
:108DB000002318461037BD4680BD80B586B000AF91
:108DC000F8607A603B600B46FB72FB7A03F00F029F
:108DD0001346DB0013449B0003F51473FA68134435
:108DE00004337B617B697A68DA607B693A681A616F
:108DF0007B6900225A617B6900225A70FB7A03F07A
:108E00000F03DAB27B691A70FB689B79012B02D1E0
:108E10007A687B69DA61FB681868FB689B791A4697
:108E2000796903F02BFB002318461837BD4680BD37
:108E300080B483B000AF78600B46FB70FB7803F022
:108E40000F0279681346DB0013449B000B4403F5C3
:108E50001A731B6818460C37BD465DF8047B7047D3
:108E600080B586B000AFF8607A603B600B46FB725D
:108E7000FB7A03F00F021346DB0013449B00103310
:108E8000FA68134404337B617B697A68DA607B6932
:108E90003A681A617B6900225A617B6901225A7023
:108EA000FB7A03F00F03DAB27B691A70FB689B79D7
:108EB000012B02D17A687B69DA61FB681868FB686C
:108EC0009B791A46796903F0D9FA002318461837B6
:108ED000BD4680BD80B584B000AF78600B46FB70A6
:108EE000FB7803F00F037A681279934201D90123CA
:108EF0004FE097F90330002B0FDAFB7803F00F02F5
:108F00001346DB0013449B0010337A681344043388
:108F1000FB60FB6801225A700DE0FA781346DB0013
:108F200013449B0003F514737A6813440433FB6005
:108F3000FB6800225A70FB6801229A70FB7803F0EC
:108F40000F03DAB2FB681A707B6893F89434012B34
:108F500001D102231DE07B68012283F894247B6801
:108F60001B68F968184603F067FEFB7803F00F03EF
:108F7000002B09D17B6818687B6899797B6803F2BC
:108F80009C431A4604F058F87B68002283F8942426
:108F9000002318461037BD4680BD80B584B000AFB1
:108FA00078600B46FB70FB7803F00F037A68127948
:108FB000934201D9012342E097F90330002B0FDAE5
:108FC000FB7803F00F021346DB0013449B001033C1
:108FD0007A6813440433FB60FB6801225A700FE087
:108FE000FB7803F00F021346DB0013449B0003F5EC
:108FF00014737A6813440433FB60FB6800225A70D0
:10900000FB6800229A70FB7803F00F03DAB2FB686A
:109010001A707B6893F89434012B01D102230EE07F
:109020007B68012283F894247B681B68F9681846E2
:1090300003F070FE7B68002283F894240023184616
:109040001037BD4680BD80B584B000AF78600B4658
:10905000FB7097F90330002B0CDAFB7803F00F025A
:109060001346DB0013449B0010337A681344043327
:10907000FB600CE0FB7803F00F021346DB001344A7
:109080009B0003F514737A6813440433FB607B6818
:109090001B68F968184603F08FFC0346FB72FB7AE5
:1090A00018461037BD4680BD80B58AB002AF7860E3
:1090B00039607B681B687B617B693B613A6813465A
:1090C000DB0013449B0010337A6813440433FB60C5
:1090D000FB685A69FB681B699A4201D901236BE05E
:1090E000FB681A69FB685B69D31AFB61FB689B68C4
:1090F000FA699A4202D9FB689B68FB61FB690333FA
:109100009B08BB612AE0FB681A69FB685B69D31A9C
:10911000FB61FB689B68FA699A4202D9FB689B680D
:10912000FB61FB6903339B08BB61FB68D9683B6843
:10913000DAB2FB6998B27B689B7900930346786941
:1091400003F0E4FCFB68DA68FB691A44FB68DA6048
:10915000FB685A69FB691A44FB685A613B685A010B
:109160003B69134403F510639B699BB2BA699A4249
:1091700009D8FB685A69FB681B699A4203D2FB68ED
:109180001B69002BBFD1FB681A69FB685B699A42B7
:1091900011D83B6803F00F03012202FA03F3BB600E
:1091A0003B6903F500635A6BBB68DB43396901F522
:1091B000006113404B63002318462037BD4680BD35
:1091C00080B588B000AF786039607B681B68FB6150
:1091D000FB69BB61FB693C3304331B687B613B6803
:1091E0005A01BB69134403F530639B683B617B689C
:1091F0009B79012B7BD13B6903F00803002B15D031
:109200007B69614A934240F2B9803B6903F40043B1
:10921000002B00F0B3803B685A01BB69134403F58F
:1092200030631A464FF400439360A7E03B6903F0B4
:109230002003002B09D03B685A01BB69134403F596
:1092400030631A462023936098E03B6903F02803BB
:10925000002B40F093807B694B4A93420FD93B69C6
:1092600003F40043002B0AD03B685A01BB69134446
:1092700003F530631A464FF4004393607EE03A688A
:109280001346DB0013449B0003F514737A68134400
:109290000433FB60FB681A6A3B685901BB690B44E5
:1092A00003F530631B69C3F31203D21AFB685A61DA
:1092B0003B68002B14D1FB681B69002B09D17B682C
:1092C00018687B6803F29C431A46012103F0B4FE40
:1092D00006E0FB68DA68FB685B691A44FB68DA60E1
:1092E0003B68DBB21946786806F004FA46E07B6911
:1092F000264A934224D13B6903F40043002B0AD051
:109300003B685A01BB69134403F530631A464FF4B6
:109310000043936032E03B6903F02003002B08D048
:109320003B685A01BB69134403F530631A46202396
:1093300093603B68DBB21946786806F0DBF91DE004
:109340003B68002B14D179683A681346DB0013445C
:109350009B000B4403F519731B68002B08D17B6835
:1093600018687B6803F29C431A46002103F064FEF0
:109370003B68DBB21946786806F0BCF90023184652
:109380002037BD4680BD00BF0A30544F0A31544FCC
:1093900080B586B000AF786039607B681B687B6100
:1093A0007B693B617B693C3304331B68FB603B6832
:1093B0005A013B69134403F530639B68BB60FB684B
:1093C000154A93420ED9BB6803F40043002B09D021
:1093D0003B685A013B69134403F530631A464FF466
:1093E00000439360786806F073F9FB680A4A934279
:1093F0000CD97B689B79012B08D17B6818687B6846
:1094000003F29C431A46012103F016FE002318467E
:109410001837BD4680BD00BF0A30544F80B485B0B8
:1094200000AF78600B46FB7013463B807B681B687F
:109430005B6ABB60FB78002B07D13B8819047B6813
:109440001B68BA680A439A6228E07B681B689B6ABB
:109450001B0CBA681344BB600023FB730DE07B68F0
:109460001A68FB7B40339B0013445B681B0CBA6893
:109470001344BB60FB7B0133FB73FA7BFB78013B3E
:109480009A42ECD33B8818047B681968FB78013B4F
:10949000BA68024340339B000B445A6000231846CD
:1094A0001437BD465DF8047B704780B483B000AFCD
:1094B00078600B467B807B681B687A885A62002341
:1094C00018460C37BD465DF8047B704780B483B006
:1094D00000AF78600B46FB7000BF0C37BD465DF8EF
:1094E000047B704780B586B000AF78607B68002B46
:1094F00001D1012367E27B681B6803F00103002BA5
:1095000075D0884B9B6803F00C03042B0CD0854B63
:109510009B6803F00C03082B12D1824B5B6803F4A9
:109520008003B3F5800F0BD17E4B1B6803F400332F
:10953000002B5BD07B685B68002B57D1012342E294
:109540007B685B68B3F5803F06D1764B1B68754A34
:1095500043F4803313601DE07B685B68B3F5A02F94
:109560000CD1704B1B686F4A43F4802313606D4B22
:109570001B686C4A43F4803313600BE0694B1B6833
:10958000684A23F480331360664B1B68654A23F4F2
:10959000802313607B685B68002B13D0FAF7E4FA32
:1095A000386108E0FAF7E0FA02463B69D31A642B07
:1095B00001D9032307E25B4B1B6803F40033002B44
:1095C000F0D014E0FAF7D0FA386108E0FAF7CCFAF4
:1095D00002463B69D31A642B01D90323F3E1514BB3
:1095E0001B6803F40033002BF0D100E000BF7B6860
:1095F0001B6803F00203002B63D04A4B9B6803F007
:109600000C03002B0BD0474B9B6803F00C03082B7B
:109610001CD1444B5B6803F48003002B16D1414BF3
:109620001B6803F00203002B05D07B68DB68012B6D
:1096300001D00123C7E13B4B1B6823F0F8027B6894
:109640001B69DB00374913430B603AE07B68DB683A
:10965000002B20D0344B01221A60FAF785FA3861CA
:1096600008E0FAF781FA02463B69D31A022B01D9C6
:109670000323A8E12B4B1B6803F00203002BF0D05F
:10968000284B1B6823F0F8027B681B69DB00254927
:1096900013430B6015E0244B00221A60FAF764FABA
:1096A000386108E0FAF760FA02463B69D31A022BE8
:1096B00001D9032387E11B4B1B6803F00203002B36
:1096C000F0D17B681B6803F00803002B36D07B6861
:1096D0005B69002B16D0154B01221A60FAF744FA89
:1096E000386108E0FAF740FA02463B69D31A022BC8
:1096F00001D9032367E10B4B5B6F03F00203002BDF
:10970000F0D01BE0094B00221A60FAF72DFA3861FD
:109710000EE0FAF729FA02463B69D31A022B07D961
:10972000032350E10038024000004742800E4742C8
:10973000884B5B6F03F00203002BEAD17B681B6848
:1097400003F00403002B00F097800023FB75814B8E
:109750001B6C03F08053002B0FD10023BB607D4BAB
:109760001B6C7C4A43F0805313647A4B1B6C03F0F0
:109770008053BB60BB680123FB75774B1B6803F408
:109780008073002B18D1744B1B68734A43F48073A9
:109790001360FAF7E9F9386108E0FAF7E5F90246EB
:1097A0003B69D31A022B01D903230CE16A4B1B68D6
:1097B00003F48073002BF0D07B689B68012B06D1EB
:1097C000644B1B6F634A43F0010313671CE07B6823
:1097D0009B68052B0CD15F4B1B6F5E4A43F0040363
:1097E00013675C4B1B6F5B4A43F0010313670BE08D
:1097F000584B1B6F574A23F001031367554B1B6FE0
:10980000544A23F0040313677B689B68002B15D030
:10981000FAF7AAF938610AE0FAF7A6F902463B69B5
:10982000D31A41F28832934201D90323CBE0494B4A
:109830001B6F03F00203002BEED014E0FAF794F94B
:1098400038610AE0FAF790F902463B69D31A41F20F
:109850008832934201D90323B5E03E4B1B6F03F0DE
:109860000203002BEED1FB7D012B05D1394B1B6C84
:10987000384A23F0805313647B689B69002B00F007
:10988000A180344B9B6803F00C03082B5CD07B68F1
:109890009B69022B41D1314B00221A60FAF764F91F
:1098A000386108E0FAF760F902463B69D31A022BE7
:1098B00001D9032387E0274B1B6803F00073002BBB
:1098C000F0D17B68DA697B681B6A1A437B685B6A44
:1098D0009B011A437B689B6A5B08013B1B041A438C
:1098E0007B68DB6A1B061B4913434B601B4B012241
:1098F0001A60FAF739F9386108E0FAF735F90246E3
:109900003B69D31A022B01D903235CE0114B1B687E
:1099100003F00073002BF0D054E0104B00221A60CB
:10992000FAF722F9386108E0FAF71EF902463B69B6
:10993000D31A022B01D9032345E0064B1B6803F021
:109940000073002BF0D13DE07B689B69012B07D1B0
:10995000012338E0003802400070004060004742B8
:109960001B4B5B68FB607B689B69012B28D0FB6805
:1099700003F480027B68DB699A4221D1FB6803F023
:109980003F027B681B6A9A421AD1FA6847F6C07395
:1099900013407A68526A9201934211D1FB6803F432
:1099A00040327B689B6A5B08013B1B049A4207D1EB
:1099B000FB6803F070627B68DB6A1B069A4201D089
:1099C000012300E0002318461837BD4680BD00BFC4
:1099D0000038024080B584B000AF786039607B68A1
:1099E000002B01D10123CCE0684B1B6803F0070377
:1099F0003A689A420CD9654B3A68D2B21A70634BF6
:109A00001B6803F007033A689A4201D00123B8E0CB
:109A10007B681B6803F00203002B20D07B681B6867
:109A200003F00403002B05D0594B9B68584A43F4BC
:109A3000E05393607B681B6803F00803002B05D09C
:109A4000534B9B68524A43F460439360504B9B686E
:109A500023F0F0027B689B684D4913438B607B6861
:109A60001B6803F00103002B44D07B685B68012B6B
:109A700007D1474B1B6803F40033002B19D1012396
:109A80007FE07B685B68022B03D07B685B68032BFD
:109A900007D13F4B1B6803F00073002B09D1012352
:109AA0006FE03B4B1B6803F00203002B01D1012345
:109AB00067E0374B9B6823F003027B685B6834499F
:109AC00013438B60FAF750F8F8600AE0FAF74CF8A5
:109AD0000246FB68D31A41F28832934201D903232C
:109AE0004FE02B4B9B6803F00C027B685B689B008C
:109AF0009A42EBD1254B1B6803F007033A689A4260
:109B00000CD2224B3A68D2B21A70204B1B6803F079
:109B100007033A689A4201D0012332E07B681B6850
:109B200003F00403002B08D0194B9B6823F4E05288
:109B30007B68DB68164913438B607B681B6803F006
:109B40000803002B09D0124B9B6823F460427B680A
:109B50001B69DB000E4913438B6000F021F80246BD
:109B60000B4B9B681B0903F00F030A49CB5C22FADD
:109B700003F3094A1360094B1B681846F9F7B0FF55
:109B8000002318461037BD4680BD00BF003C024090
:109B900000380240001B0108300000203400002083
:109BA0002DE9B04F90B000AF00237B630023FB632F
:109BB00000233B630023BB63594B9B6803F00C03FA
:109BC000082B0DD0082B00F2A180002B02D0042B13
:109BD00003D09BE0534BBB639BE0534BBB6398E0CC
:109BE0004F4B5B6803F03F037B634D4B5B6803F4B3
:109BF0008003002B28D04A4B5B689B0900223B6204
:109C00007A623B6AC3F308000021474B03FB01F271
:109C1000002300FB03F31344434AA0FB0212FA6241
:109C20000A46BA62FA6A1344FB627B6B0022BB618C
:109C3000FA61D7E90623D7E90A01F6F72FFE0246B3
:109C40000B461346FB6353E0354B5B689B090022D0
:109C50003B617A613B69C3F3080A4FF0000B52463F
:109C60005B464FF000004FF00001590141EAD2611C
:109C7000500102460B46B2EB0A0863EB0B094FF0AA
:109C800000024FF000034FEA891343EA98634FEA5A
:109C90008812B2EB080463EB09054FF000024FF0A5
:109CA0000003EB0043EA5473E20014461D4614EB34
:109CB0000A033B6045EB0B037B604FF000024FF063
:109CC0000003D7E9004529468B02214643EA915318
:109CD00021468A02104619467B6B0022BB60FA605F
:109CE000D7E90223F6F7DAFD02460B461346FB637B
:109CF0000B4B5B681B0C03F0030301335B003B63FE
:109D0000FA6B3B6BB2FBF3F3BB6302E0054BBB6347
:109D100000BFBB6B18464037BD46BDE8B08F00BFE3
:109D2000003802400024F40040787D0180B400AF88
:109D3000034B1B681846BD465DF8047B704700BFA7
:109D40003000002080B500AFFFF7F0FF0246054B62
:109D50009B689B0A03F007030349CB5C22FA03F3D9
:109D6000184680BD00380240101B010880B500AFC6
:109D7000FFF7DCFF0246054B9B685B0B03F0070314
:109D80000349CB5C22FA03F3184680BD0038024039
:109D9000101B010880B582B000AF78607B68002B93
:109DA00001D1012341E07B6893F83D30DBB2002B09
:109DB00006D17B68002283F83C207868F9F788F99F
:109DC0007B68022283F83D207B681A687B68043335
:109DD0001946104600F07EFC7B68012283F846207D
:109DE0007B68012283F83E207B68012283F83F20B4
:109DF0007B68012283F840207B68012283F84120A0
:109E00007B68012283F842207B68012283F843208B
:109E10007B68012283F844207B68012283F8452077
:109E20007B68012283F83D20002318460837BD4691
:109E300080BD000080B485B000AF78607B6893F887
:109E40003D30DBB2012B01D0012344E07B680222CC
:109E500083F83D207B681B68DA687B681B6842F0EA
:109E60000102DA607B681B681E4A934218D07B6847
:109E70001B68B3F1804F13D07B681B681A4A93426A
:109E80000ED07B681B68194A934209D07B681B6817
:109E9000174A934204D07B681B68164A934211D13B
:109EA0007B681B689B6803F00703FB60FB68062B5D
:109EB00010D07B681B681A687B681B6842F001023F
:109EC0001A6007E07B681B681A687B681B6842F0B1
:109ED00001021A60002318461437BD465DF8047B62
:109EE000704700BF0000014000040040000800402F
:109EF000000C00400040014080B582B000AF7860A7
:109F00007B68002B01D1012341E07B6893F83D3051
:109F1000DBB2002B06D17B68002283F83C207868F6
:109F200000F039F87B68022283F83D207B681A68CC
:109F30007B6804331946104600F0CCFB7B68012295
:109F400083F846207B68012283F83E207B6801224B
:109F500083F83F207B68012283F840207B68012240
:109F600083F841207B68012283F842207B6801222C
:109F700083F843207B68012283F844207B68012218
:109F800083F845207B68012283F83D200023184692
:109F90000837BD4680BD80B483B000AF786000BF95
:109FA0000C37BD465DF8047B7047000080B584B077
:109FB00000AF786039603B68002B09D17B6893F86B
:109FC0003E30DBB2012B14BF01230023DBB222E0C1
:109FD0003B68042B09D17B6893F83F30DBB2012B3F
:109FE00014BF01230023DBB215E03B68082B09D125
:109FF0007B6893F84030DBB2012B14BF01230023B0
:10A00000DBB208E07B6893F84130DBB2012B14BF70
:10A0100001230023DBB2002B01D0012368E03B6861
:10A02000002B04D17B68022283F83E2013E03B68BA
:10A03000042B04D17B68022283F83F200BE03B68AD
:10A04000082B04D17B68022283F8402003E07B6860
:10A05000022283F841207B681B6801223968184678
:10A0600000F075FE7B681B68234A934207D17B682A
:10A070001B685A6C7B681B6842F400425A647B6818
:10A080001B681D4A934218D07B681B68B3F1804F50
:10A0900013D07B681B68194A93420ED07B681B68FB
:10A0A000174A934209D07B681B68164A934204D032
:10A0B0007B681B68144A934211D17B681B689B68BC
:10A0C00003F00703FB60FB68062B10D07B681B685E
:10A0D0001A687B681B6842F001021A6007E07B681F
:10A0E0001B681A687B681B6842F001021A60002333
:10A0F00018461037BD4680BD0000014000040040F6
:10A1000000080040000C00400040014080B584B0D1
:10A1100000AF78607B681B68DB68FB607B681B684E
:10A120001B69BB60BB6803F00203002B20D0FB68F7
:10A1300003F00203002B1BD07B681B686FF0020248
:10A140001A617B6801221A777B681B689B6903F0A0
:10A150000303002B03D0786800F09DFA05E07868CF
:10A1600000F08FFA786800F0A0FA7B6800221A7776
:10A17000BB6803F00403002B20D0FB6803F004034A
:10A18000002B1BD07B681B686FF004021A617B6890
:10A1900002221A777B681B689B6903F44073002BCB
:10A1A00003D0786800F077FA05E0786800F069FA83
:10A1B000786800F07AFA7B6800221A77BB6803F0AF
:10A1C0000803002B20D0FB6803F00803002B1BD0F2
:10A1D0007B681B686FF008021A617B6804221A779B
:10A1E0007B681B68DB6903F00303002B03D07868EE
:10A1F00000F051FA05E0786800F043FA786800F062
:10A2000054FA7B6800221A77BB6803F01003002B16
:10A2100020D0FB6803F01003002B1BD07B681B6869
:10A220006FF010021A617B6808221A777B681B683E
:10A23000DB6903F44073002B03D0786800F02BFA3D
:10A2400005E0786800F01DFA786800F02EFA7B6867
:10A2500000221A77BB6803F00103002B0CD0FB68C7
:10A2600003F00103002B07D07B681B686FF001022D
:10A270001A617868F6F71AFDBB6803F08003002BBB
:10A280000CD0FB6803F08003002B07D07B681B68B1
:10A290006FF080021A61786800F0F6FDBB6803F089
:10A2A0004003002B0CD0FB6803F04003002B07D0C9
:10A2B0007B681B686FF040021A61786800F0FFF954
:10A2C000BB6803F02003002B0CD0FB6803F02003D5
:10A2D000002B07D07B681B686FF020021A6178683A
:10A2E00000F0C8FD00BF1037BD4680BD80B586B008
:10A2F00000AFF860B9607A600023FB75FB6893F8E3
:10A300003C30012B01D10223AEE0FB68012283F82F
:10A310003C207B680C2B00F29F8001A252F823F0B6
:10A3200055A3000859A4000859A4000859A400081E
:10A3300095A3000859A4000859A4000859A40008CE
:10A34000D7A3000859A4000859A4000859A400087C
:10A3500017A40008FB681B68B968184600F040FAAB
:10A36000FB681B689A69FB681B6842F008029A61E7
:10A37000FB681B689A69FB681B6822F004029A61FB
:10A38000FB681B689969BB681A69FB681B680A430C
:10A390009A6164E0FB681B68B968184600F086FAA9
:10A3A000FB681B689A69FB681B6842F400629A614B
:10A3B000FB681B689A69FB681B6822F480629A61DB
:10A3C000FB681B689969BB681B691A02FB681B68FC
:10A3D0000A439A6143E0FB681B68B968184600F0BD
:10A3E000D1FAFB681B68DA69FB681B6842F0080257
:10A3F000DA61FB681B68DA69FB681B6822F00402FB
:10A40000DA61FB681B68D969BB681A69FB681B685D
:10A410000A43DA6123E0FB681B68B968184600F05C
:10A420001BFBFB681B68DA69FB681B6842F400626F
:10A43000DA61FB681B68DA69FB681B6822F48062DA
:10A44000DA61FB681B68D969BB681B691A02FB6883
:10A450001B680A43DA6102E00123FB7500BFFB6859
:10A46000002283F83C20FB7D18461837BD4680BD8E
:10A4700080B584B000AF786039600023FB737B68DF
:10A4800093F83C30012B01D10223B4E07B68012218
:10A4900083F83C207B68022283F83D207B681B68A0
:10A4A0009B68BB60BB6823F07703BB60BB6823F489
:10A4B0007F43BB607B681B68BA689A603B681B6817
:10A4C000B3F5005F3ED0B3F5005F00F28780B3F5CF
:10A4D000805F00F08680B3F5805F7FD8702B1AD044
:10A4E000702B7BD8602B50D0602B77D8502B3CD072
:10A4F000502B73D8402B58D0402B6FD8302B64D0C2
:10A50000302B6BD8202B60D0202B67D8002B5CD051
:10A51000102B5AD062E07B6818683B6899683B68EA
:10A520005A683B68DB6800F0F2FB7B681B689B683D
:10A53000BB60BB6843F07703BB607B681B68BA688D
:10A540009A604FE07B6818683B6899683B685A6876
:10A550003B68DB6800F0DBFB7B681B689A687B6804
:10A560001B6842F480429A603CE07B6818683B6854
:10A5700059683B68DB681A4600F04FFB7B681B6834
:10A580005021184600F0A8FB2CE07B6818683B6857
:10A5900059683B68DB681A4600F06EFB7B681B68F5
:10A5A0006021184600F098FB1CE07B6818683B6847
:10A5B00059683B68DB681A4600F02FFB7B681B6814
:10A5C0004021184600F088FB0CE07B681A683B6865
:10A5D0001B681946104600F07FFB03E00123FB7364
:10A5E00000E000BF7B68012283F83D207B680022E9
:10A5F00083F83C20FB7B18461037BD4680BD80B5F4
:10A6000082B000AF786039607B6893F83C30012BF2
:10A6100001D1022331E07B68012283F83C207B6872
:10A62000022283F83D203968786800F065FA034615
:10A63000002B09D07B68012283F83D207B68002233
:10A6400083F83C20012318E07B681B68DA687B688C
:10A650001B6822F04002DA607B681B68DA687B685E
:10A660001B6822F48042DA607B68012283F83D2077
:10A670007B68002283F83C20002318460837BD463B
:10A6800080BD80B483B000AF786000BF0C37BD469A
:10A690005DF8047B704780B483B000AF786000BF82
:10A6A0000C37BD465DF8047B704780B483B000AFC3
:10A6B000786000BF0C37BD465DF8047B704780B4FE
:10A6C00083B000AF786000BF0C37BD465DF8047BF7
:10A6D0007047000080B485B000AF786039607B6857
:10A6E0001B68FB607B68374A93420FD07B68B3F1ED
:10A6F000804F0BD07B68344A934207D07B68334A43
:10A70000934203D07B68324A934208D1FB6823F01E
:10A710007003FB603B685B68FA681343FB607B680F
:10A72000284A93421BD07B68B3F1804F17D07B68D7
:10A73000254A934213D07B68244A93420FD07B680A
:10A74000234A93420BD07B68224A934207D07B680E
:10A75000214A934203D07B68204A934208D1FB6888
:10A7600023F44073FB603B68DB68FA681343FB60CB
:10A77000FB6823F080023B685B691343FB603B6826
:10A780009A687B68DA623B681A687B689A627B68C1
:10A790000C4A934203D13B681A697B681A637B6851
:10A7A0001B6843F004027B681A607B6801225A61CF
:10A7B0007B68FA681A6000BF1437BD465DF8047BF9
:10A7C000704700BF00000140000400400008004046
:10A7D000000C00400040014000440140004801409E
:10A7E00080B487B000AF786039607B681B6A7B619A
:10A7F0007B681B6A23F001027B681A627B685B68D6
:10A800003B617B689B69FB60FB6823F07003FB6026
:10A81000FB6823F00303FB603B681B68FA68134383
:10A82000FB607B6923F002037B613B689B687A696C
:10A8300013437B617B681C4A93420CD17B6923F0F4
:10A8400008037B613B68DB687A6913437B617B6942
:10A8500023F004037B617B68134A934211D13B6967
:10A8600023F480733B613B6923F400733B613B68D5
:10A870005B693A6913433B613B689B693A691343DF
:10A880003B617B683A695A607B68FA689A613B6809
:10A890005A687B685A637B687A691A6200BF1C3702
:10A8A000BD465DF8047B70470000014080B487B06E
:10A8B00000AF786039607B681B6A7B617B681B6ACC
:10A8C00023F010027B681A627B685B683B617B68DF
:10A8D0009B69FB60FB6823F4E043FB60FB6823F4A7
:10A8E0004073FB603B681B681B02FA681343FB6004
:10A8F0007B6923F020037B613B689B681B017A69BD
:10A9000013437B617B681E4A93420DD17B6923F020
:10A9100080037B613B68DB681B017A6913437B61C1
:10A920007B6923F040037B617B68154A934213D116
:10A930003B6923F480633B613B6923F400633B6123
:10A940003B685B699B003A6913433B613B689B69C9
:10A950009B003A6913433B617B683A695A607B68A4
:10A96000FA689A613B685A687B689A637B687A697F
:10A970001A6200BF1C37BD465DF8047B704700BFFC
:10A980000000014080B487B000AF786039607B6818
:10A990001B6A7B617B681B6A23F480727B681A6286
:10A9A0007B685B683B617B68DB69FB60FB6823F06D
:10A9B0007003FB60FB6823F00303FB603B681B68CC
:10A9C000FA681343FB607B6923F400737B613B6887
:10A9D0009B681B027A6913437B617B681D4A934223
:10A9E0000DD17B6923F400637B613B68DB681B024C
:10A9F0007A6913437B617B6923F480637B617B68A5
:10AA0000144A934213D13B6923F480533B613B6961
:10AA100023F400533B613B685B691B013A691343B4
:10AA20003B613B689B691B013A6913433B617B684F
:10AA30003A695A607B68FA68DA613B685A687B68F1
:10AA4000DA637B687A691A6200BF1C37BD465DF81D
:10AA5000047B70470000014080B487B000AF78608D
:10AA600039607B681B6A3B617B681B6A23F48052F8
:10AA70007B681A627B685B687B617B68DB69FB6073
:10AA8000FB6823F4E043FB60FB6823F44073FB6046
:10AA90003B681B681B02FA681343FB603B6923F4A5
:10AAA00000533B613B689B681B033A6913433B615E
:10AAB0007B68104A934209D17B6923F480437B6110
:10AAC0003B685B699B017A6913437B617B687A69A8
:10AAD0005A607B68FA68DA613B685A687B681A6476
:10AAE0007B683A691A6200BF1C37BD465DF8047B7B
:10AAF000704700BF0000014080B586B000AF7860AD
:10AB000039600023FB757B681B689B683B613B6970
:10AB100023F070033B613B685B683A6913433B6118
:10AB20003B6923F007033B613B681B683A691343A9
:10AB30003B617B681B683A699A603B685B68702B75
:10AB40001AD0702B60D8602B54D0602B5CD8502B5F
:10AB500046D0502B58D8402B19D0402B54D8302BEE
:10AB600055D0302B50D8202B51D0202B4CD8002B37
:10AB70004DD0102B4BD047E07B6818683B68D968F4
:10AB80003B689A683B681B6900F0C1F840E03B688D
:10AB90001B68052B01D101233BE07B681B681B6A06
:10ABA000FB607B681B681A6A7B681B6822F00102E5
:10ABB0001A627B681B689B69BB60BB6823F0F0036B
:10ABC000BB603B681B691B01BA681343BB607B68B1
:10ABD0001B68BA689A617B681B68FA681A6217E09A
:10ABE0007B6818683B6899683B681B691A4600F0E7
:10ABF00014F80DE07B6818683B6899683B681B692E
:10AC00001A4600F039F803E00123FB7500E000BFAD
:10AC1000FB7D18461837BD4680BD80B487B000AFB5
:10AC2000F860B9607A60FB681B6A7B61FB681B6A2D
:10AC300023F00102FB681A62FB689B693B613B6978
:10AC400023F0F0033B617B681B013A6913433B61CE
:10AC50007B6923F00A037B617A69BB6813437B61DC
:10AC6000FB683A699A61FB687A691A6200BF1C370F
:10AC7000BD465DF8047B704780B487B000AFF860D4
:10AC8000B9607A60FB681B6A7B61FB681B6A23F012
:10AC90001002FB681A62FB689B693B613B6923F405
:10ACA00070433B617B681B033A6913433B617B69DB
:10ACB00023F0A0037B61BB681B017A6913437B61AE
:10ACC000FB683A699A61FB687A691A6200BF1C37AF
:10ACD000BD465DF8047B704780B485B000AF7860F6
:10ACE00039607B689B68FB60FB6823F07003FB6046
:10ACF0003A68FB68134343F00703FB607B68FA681C
:10AD00009A6000BF1437BD465DF8047B704780B47D
:10AD100087B000AFF860B9607A603B60FB689B6801
:10AD20007B617B6923F47F437B613B681A027B680C
:10AD30001A43BB6813437A6913437B61FB687A69E2
:10AD40009A6000BF1C37BD465DF8047B704780B435
:10AD500087B000AFF860B9607A60BB6803F01F038A
:10AD6000012202FA03F37B61FB681A6A7B69DB4309
:10AD70001A40FB681A62FB681A6ABB6803F01F037B
:10AD8000796801FA03F31A43FB681A6200BF1C37A3
:10AD9000BD465DF8047B704780B485B000AF786035
:10ADA00039607B6893F83C30012B01D1022350E0DD
:10ADB0007B68012283F83C207B68022283F83D20D7
:10ADC0007B681B685B68FB607B681B689B68BB607B
:10ADD000FB6823F07003FB603B681B68FA68134351
:10ADE000FB607B681B68FA685A607B681B681C4ABA
:10ADF000934218D07B681B68B3F1804F13D07B68F7
:10AE00001B68184A93420ED07B681B68164A93420F
:10AE100009D07B681B68154A934204D07B681B6885
:10AE2000134A93420CD1BB6823F08003BB603B689C
:10AE30005B68BA681343BB607B681B68BA689A603A
:10AE40007B68012283F83D207B68002283F83C2048
:10AE5000002318461437BD465DF8047B704700BFD9
:10AE6000000001400004004000080040000C0040C9
:10AE70000040014080B483B000AF786000BF0C3761
:10AE8000BD465DF8047B704780B483B000AF786046
:10AE900000BF0C37BD465DF8047B704780B582B0BB
:10AEA00000AF78607B68002B01D1012333E07B6821
:10AEB00093F83D30DBB2002B06D17B68002283F88B
:10AEC0003C207868F8F7D6F97B68022283F83D20A9
:10AED000786800F061FB7B681B681A697B681B68F7
:10AEE00022F480421A617B681B685A697B681B6880
:10AEF00022F02A025A617B681B68DA687B681B684B
:10AF000042F40052DA607B6800221A647B680122F6
:10AF100083F83D20002318460837BD4680BD000059
:10AF200080B588B000AF78607B681B681B68FB61E8
:10AF30007B681B68DB68BB617B681B685B697B6146
:10AF400000233B610023FB60FB6903F00F033B61BF
:10AF50003B69002B17D1FB6903F02003002B12D0B3
:10AF6000BB6903F02003002B0DD07B6893F83D30C4
:10AF7000DBB2222B03D1786800F0BAF9E9E07868F7
:10AF800000F03CFAE5E03B69002B00F0BB807B69F8
:10AF900003F00103002B05D1BB6903F49073002B70
:10AFA00000F0B080FB6903F00103002B0AD0BB69FD
:10AFB00003F48073002B05D07B681B6C43F0010207
:10AFC0007B681A64FB6903F00403002B0AD07B69D9
:10AFD00003F00103002B05D07B681B6C43F00202D9
:10AFE0007B681A64FB6903F00203002B0AD07B69BB
:10AFF00003F00103002B05D07B681B6C43F00402B7
:10B000007B681A64FB6903F00803002B0FD0BB694F
:10B0100003F02003002B04D17B6903F00103002B14
:10B0200005D07B681B6C43F008027B681A647B6860
:10B030001B6C002B00F08C80FB6903F02003002BBD
:10B0400011D0BB6903F02003002B0CD07B6893F870
:10B050003D30DBB2222B03D1786800F049F902E0E1
:10B06000786800F0CBF97B681B685B6903F04003EC
:10B07000402B0CBF01230023DBB2FB607B681B6C01
:10B0800003F00803002B02D1FB68002B31D0786855
:10B0900000F08CF87B681B685B6903F04003402B71
:10B0A00023D17B681B685A697B681B6822F04002C9
:10B0B0005A617B689B6B002B13D07B689B6B264A85
:10B0C0001A657B689B6B1846F9F7B6FC0346002BA4
:10B0D00016D07B689B6B1B6D7A68926B1046984705
:10B0E0000EE0786800F058F80AE0786800F054F84C
:10B0F00006E0786800F050F87B6800221A6427E0C8
:10B1000000BF25E0FB6903F08003002B12D0BB6970
:10B1100003F08003002B0DD07B6893F83D30DBB249
:10B12000122B03D1786800F073F812E0786800F011
:10B1300065F90EE0FB6903F04003002B09D0BB6901
:10B1400003F04003002B04D0786800F0B1F800E071
:10B1500000BF2037BD4680BDE9B1000880B483B090
:10B1600000AF786000BF0C37BD465DF8047B7047C8
:10B1700080B483B000AF786000BF0C37BD465DF887
:10B18000047B704780B483B000AF786000BF0C3799
:10B19000BD465DF8047B704780B483B000AF786033
:10B1A00000BF0C37BD465DF8047B704780B483B0A8
:10B1B00000AF78607B681B68DA687B681B6822F4E4
:10B1C0009072DA607B681B685A697B681B6822F0A2
:10B1D00001025A617B68012283F83D2000BF0C37D1
:10B1E000BD465DF8047B704780B584B000AF7860E1
:10B1F0007B689B6BFB60FB6800225A86FB68002221
:10B200005A85F868FFF7C8FF00BF1037BD4680BDFC
:10B2100080B485B000AF78607B6893F83D30DBB2D6
:10B22000122B3ED17B689B68B3F5805F14D17B689D
:10B230001B69002B10D17B685B6AFB60FB681B8875
:10B240001A467B681B68C2F308025A607B685B6A17
:10B250009A1C7B685A6208E07B685B6A591C7A68B2
:10B2600051621A787B681B685A607B685B8D9BB261
:10B27000013B9BB27A6819465185002B0FD17B6840
:10B280001B68DA687B681B6822F08002DA607B68E2
:10B290001B68DA687B681B6842F04002DA600023B2
:10B2A00000E0022318461437BD465DF8047B704762
:10B2B00080B582B000AF78607B681B68DA687B6815
:10B2C0001B6822F04002DA607B681B685A697B6861
:10B2D0001B6822F001025A617B68012283F83D203D
:10B2E0007868FFF73BFF002318460837BD4680BD4E
:10B2F00080B584B000AF78600023FB600023BB60A2
:10B300007B6893F83D30DBB2222B72D17B689B685F
:10B31000B3F5805F15D17B681B69002B11D17B6869
:10B32000DB6ABB607B681B685B689BB2C3F3080386
:10B330009AB2BB681A807B68DB6A9A1C7B68DA6207
:10B3400024E07B68DB6AFB607B689B68B3F5805F09
:10B3500007D07B689B68002B0AD17B681B69002B98
:10B3600006D17B681B685B68DAB2FB681A7008E07C
:10B370007B681B685B68DBB203F07F03DAB2FB68B3
:10B380001A707B68DB6A5A1C7B68DA627B685B8EAA
:10B390009BB2013B9AB27B685A867B685B8E9BB2FC
:10B3A000002B20D17B681B68DA687B681B6822F061
:10B3B0002002DA607B681B68DA687B681B6822F40D
:10B3C0008072DA607B681B685A697B681B6822F0B0
:10B3D00001025A617B68012283F83D207868FFF7FB
:10B3E000C7FE002306E07B681B68FF225A6000232B
:10B3F00000E0022318461037BD4680BD80B584B0FA
:10B4000000AF78607B6893F83D30DBB2322B40F0C0
:10B41000BD807B685B8D9BB2002B3DD07B681B6839
:10B420001B6803F08003802B36D17B689B68B3F5E3
:10B43000805F14D17B681B69002B10D17B685B6A2D
:10B44000FB60FB681B881A467B681B68C2F3080216
:10B450005A607B685B6A9A1C7B685A6208E07B686A
:10B460005B6A591C7A6851621A787B681B685A605B
:10B470007B685B8D9BB2013B9AB27B685A857B6887
:10B480005B8D9BB2002B07D17B681B68DA687B68F9
:10B490001B6822F08002DA607B685B8E9BB2002B17
:10B4A0004CD07B681B681B6803F02003202B45D120
:10B4B0007B689B68B3F5805F15D17B681B69002BA7
:10B4C00011D17B68DB6ABB607B681B685B689BB2E1
:10B4D000C3F308039AB2BB681A807B68DB6A9A1CC4
:10B4E0007B68DA6223E07B689B68B3F5805F07D0F6
:10B4F0007B689B68002B0BD17B681B69002B07D1F5
:10B500007B681B685A687B68DB6AD2B21A7009E0F4
:10B510007B681B685B68DAB27B68DB6A02F07F02DB
:10B52000D2B21A707B68DB6A5A1C7B68DA627B686D
:10B530005B8E9BB2013B9AB27B685A867B685B8EBE
:10B540009BB2002B20D17B681B68DA687B681B6884
:10B5500022F02002DA607B681B68DA687B681B686F
:10B5600022F48072DA607B681B685A697B681B680A
:10B5700022F001025A617B68012283F83D2078683D
:10B58000FFF700FE002302E0002300E0022318463C
:10B590001037BD4680BD00002DE9B04FC6B000AFEA
:10B5A000C7F80C010023C7F81431D7F80C311B6819
:10B5B000D968D7F80C311A6821F00C03D360D7F89A
:10B5C0000C311B681B69C7F81431D7F8143123F408
:10B5D0007C53C7F81431D7F80C319A69D7F80C317D
:10B5E000DB691A43D7F80C311B6A1A43D7F80C31C0
:10B5F000DB681A43D7F81431134343F40063C7F8E8
:10B600001431D7F80C311A68D7F814311361D7F810
:10B610000C311B68DB68C7F81431D7F8143123F4F8
:10B62000164323F00C03C7F81431D7F80C319A688D
:10B63000D7F80C311B691A43D7F80C315B691A43F0
:10B64000D7F81431134343F40043C7F81431D7F843
:10B650000C311A68D7F81431D360D7F80C311B6855
:10B660005969D7F80C311A6821F440735361D7F83F
:10B670000C311A688B4B9A4206D0D7F80C311A68F5
:10B68000894B9A4240F01481FEF770FBC7F8100115
:10B69000D7F810310022C7F80031C7F80421D7E9E4
:10B6A000404522462B46911839675B417B67D7E9B5
:10B6B0001C23214612EB0108294643EB01094FF0F8
:10B6C00000024FF000034FEAC90343EA58734FEA00
:10B6D000C80290469946234618EB0303C7F8F83092
:10B6E0002B4649EB0303C7F8FC30D7F80C315B68F5
:10B6F0000022C7F8F030C7F8F420D7E93C120B4617
:10B70000DB18BB66134642EB0303FB66D7E91A233B
:10B71000D7E93E01F5F7C2F802460B46634BA3FB9F
:10B7200002235B091C01D7F810310022C7F8E8306A
:10B73000C7F8EC20D7E93A8942464B46911839665A
:10B740005B417B66D7E9182341465118B9654946E4
:10B750004B41FB654FF000024FF00003D7E916ABF9
:10B760005946CB00514643EA51735146CA00104630
:10B770001946034642469B18C7F8E0304B460A4636
:10B7800042EB0303C7F8E430D7F80C315B680022C2
:10B79000C7F8D830C7F8DC20D7E936120B46DB18DB
:10B7A0003B65134642EB03037B65D7E91423D7E9D6
:10B7B0003801F5F773F802460B4611463B4BA3FBE5
:10B7C00001235B09642202FB03F3CB1ADB0003F1C4
:10B7D0003202364BA3FB02235B095B0003F4F873D0
:10B7E0001C44D7F810310022C7F8D030C7F8D42055
:10B7F000D7E9348942464B469118B9645B41FB64F2
:10B80000D7E9122341465118396449464B417B64BC
:10B810004FF000024FF00003D7E910AB5946CB00C0
:10B82000514643EA51735146CA0010461946034631
:10B8300042469B18C7F8C8304B460A4642EB030302
:10B84000C7F8CC30D7F80C315B680022C7F8C0309D
:10B85000C7F8C420D7E930120B46DB18BB63134688
:10B8600042EB0303FB63D7E90E23D7E93201F5F777
:10B8700015F802460B460D4BA3FB02135B0964212E
:10B8800001FB03F3D31ADB003233084AA2FB032384
:10B890005B0903F00702D7F80C311B6822449A6059
:10B8A00009E100BF00100140001401401F85EB5169
:10B8B000FEF748FAC7F81001D7F810310022C7F890
:10B8C000B830C7F8BC20D7E92E8942464B469118BC
:10B8D00039635B417B63D7E90C23414654184946E1
:10B8E00043EB01054FF000024FF00003EB0043EA89
:10B8F0005473E20014461D464346E318C7F8B030BF
:10B900004B4645EB0303C7F8B430D7F80C315B68FE
:10B910000022C7F8A830C7F8AC20D7E92A120B4696
:10B92000DB18BB62134642EB0303FB62D7E90A2331
:10B93000D7E92C01F4F7B2FF02460B46614BA3FB9B
:10B9400002235B091C01D7F810310022C7F8A03090
:10B95000C7F8A420D7E9288942464B469118396296
:10B960005B417B62D7E90823414612EB010A494655
:10B9700043EB010B4FF000024FF000034FEACB0303
:10B9800043EA5A734FEACA0292469B4643461AEB71
:10B990000303C7F898304B464BEB0303C7F89C30C2
:10B9A000D7F80C315B680022C7F89030C7F89420B4
:10B9B000D7E924120B46DB18BB61134642EB0303A5
:10B9C000FB61D7E90623D7E92601F4F767FF0246B2
:10B9D0000B4611463B4BA3FB01235B09642202FB90
:10B9E00003F3CB1ADB0003F13202364BA3FB022335
:10B9F0005B095B0003F4F8731C44D7F81031002294
:10BA0000C7F88830C7F88C20D7E9228942464B46D0
:10BA1000911839615B417B61D7E904234146511894
:10BA2000B96049464B41FB604FF000024FF0000304
:10BA3000D7E902AB5946CB00514643EA5173514610
:10BA4000CA0010461946034642469B18C7F8803084
:10BA50004B460A4642EB0303C7F88430D7F80C3153
:10BA60005B680022BB67FA67D7E91E120B46DB183A
:10BA70003B60134642EB03037B60D7E90023D7E921
:10BA80002001F4F70BFF02460B460E4BA3FB0213FB
:10BA90005B09642101FB03F3D31ADB003233094A4B
:10BAA000A2FB03235B0903F00702D7F80C311B68E4
:10BAB00022449A6000BF00BF07F58C77BD46BDE801
:10BAC000B08F00BF1F85EB5184B080B584B000AF4C
:10BAD000786007F11C0080E80E0097F82130012BF8
:10BAE00023D17B689B6B23F480327B689A637B68ED
:10BAF000DB6823F4840323F040037A68D3607B6817
:10BB0000DB6823F440127B68DA6097F82830012B59
:10BB100005D17B68DB6843F480127B68DA60786863
:10BB200001F0E8FA0346FB731BE07B68DB6843F037
:10BB300040027B68DA60786801F0DCFA0346FB7348
:10BB400097F82530002B06D17B689B6B43F480323D
:10BB50007B689A6305E07B689B6B23F480327B688B
:10BB60009A63BB7F012B0BD17B689B6843F0060275
:10BB70007B689A607B689B6843F020027B689A60D0
:10BB8000FB7B18461037BD46BDE8804004B07047C7
:10BB900080B487B000AFF860B9601346FB71FB79E1
:10BBA000022B65D1BB68414A934206D9BB68404A23
:10BBB000934202D20F237B6162E0BB683C4A93420E
:10BBC00006D3BB683B4A934202D20E237B6157E007
:10BBD000BB68384A934206D3BB68374A934202D2C5
:10BBE0000D237B614CE0BB68334A934206D3BB68AC
:10BBF000324A934202D80C237B6141E0BB682F4A52
:10BC0000934206D9BB682E4A934202D80B237B612C
:10BC100036E0BB682A4A934206D9BB68294A934258
:10BC200002D80A237B612BE0BB68264A934206D9DF
:10BC3000BB68254A934202D209237B6120E0BB689E
:10BC4000214A934206D3BB68204A934202D8082374
:10BC50007B6115E0BB681D4A934206D9BB681C4A4C
:10BC6000934202D207237B610AE006237B6107E04F
:10BC7000FB79002B02D109237B6101E009237B6161
:10BC8000FB68DB6823F47052FB68DA60FB68DA68F3
:10BC90007B699B0203F470531A43FB68DA6000234C
:10BCA00018461C37BD465DF8047B7047BFACD80012
:10BCB000C0E1E4000024F400807306019F491A01EA
:10BCC000FF2C31013FA44C0100366E011FABA601D1
:10BCD0000048E80180B483B000AF78607B689B685F
:10BCE00043F001027B689A60002318460C37BD467A
:10BCF0005DF8047B704780B483B000AF78607B68E8
:10BD00009B6823F001027B689A60002318460C3779
:10BD1000BD465DF8047B704780B584B000AF7860A5
:10BD20000B46FB700023FB607B68DB6823F0C0429E
:10BD30007B68DA60FB78012B15D17B68DB6843F008
:10BD400000527B68DA600A20F7F71AFFFB680A33B3
:10BD5000FB60786801F03FF90346012B1ED0FB68B9
:10BD6000C72BF0D91AE0FB78002B15D17B68DB6874
:10BD700043F080427B68DA600A20F7F701FFFB6836
:10BD80000A33FB60786801F026F90346002B05D0E2
:10BD9000FB68C72BF0D901E0012305E0FB68C82B45
:10BDA00001D1012300E0002318461037BD4680BDB5
:10BDB00084B080B586B000AF786007F1240080E8D9
:10BDC0000E000023FB757B68FB6000233B6109E0EC
:10BDD0007A683B6940339B00134400225A603B69F8
:10BDE00001333B613B690E2BF2D997F82E30002BC3
:10BDF0001CD1FB6803F500635B68FA6802F500621A
:10BE000043F0020353607B689B6B43F400127B6832
:10BE10009A637B689B6B23F400227B689A637B6840
:10BE20009B6B23F480227B689A630BE07B689B6B9F
:10BE300023F400127B689A637B689B6B43F40022B7
:10BE40007B689A63FB6803F560631A4600231360FE
:10BE500097F82930012B0DD197F82730002B04D10A
:10BE60000021786800F068F908E00121786800F0A6
:10BE700063F903E00321786800F05EF91021786827
:10BE800000F0FAF80346002B01D00123FB75786817
:10BE900000F024F90346002B01D00123FB75FB6859
:10BEA00003F500631A4600231361FB6803F5006382
:10BEB0001A4600235361FB6803F500631A4600230A
:10BEC000D36100233B6143E03B695A01FB681344A3
:10BED00003F510631B6803F00043B3F1004F18D162
:10BEE0003B69002B0AD13B695A01FB68134403F5F7
:10BEF00010631A464FF00063136013E03B695A0168
:10BF0000FB68134403F510631A464FF09043136027
:10BF100008E03B695A01FB68134403F510631A46B5
:10BF2000002313603B695A01FB68134403F5106357
:10BF30001A46002313613B695A01FB68134403F559
:10BF400010631A464FF67F3393603B6901333B61C0
:10BF500097F824301A463B699342B5D300233B61DE
:10BF600043E03B695A01FB68134403F530631B68E7
:10BF700003F00043B3F1004F18D13B69002B0AD105
:10BF80003B695A01FB68134403F530631A464FF0CE
:10BF90000063136013E03B695A01FB68134403F527
:10BFA00030631A464FF09043136008E03B695A0132
:10BFB000FB68134403F530631A46002313603B69A2
:10BFC0005A01FB68134403F530631A4600231361DA
:10BFD0003B695A01FB68134403F530631A464FF678
:10BFE0007F3393603B6901333B6197F824301A46F5
:10BFF0003B699342B5D3FB6803F500631B69FA689C
:10C0000002F5006223F4807313617B6800229A6159
:10C010007B686FF080425A6197F82630002B05D17B
:10C020007B689B6943F010027B689A617B689A6920
:10C03000104B13437A68936197F82A30002B05D090
:10C040007B689B6943F008027B689A6197F82E3001
:10C05000012B07D17B689B6943F0804343F00403C5
:10C060007A689361FB7D18461837BD46BDE880406D
:10C0700004B0704700383C8080B485B000AF786071
:10C0800039600023FB60FB680133FB60FB68B3F1A0
:10C09000706F01D903231BE07B681B69002BF2DA68
:10C0A0000023FB603B689B0143F020027B681A6120
:10C0B000FB680133FB60FB68B3F1706F01D90323A8
:10C0C00006E07B681B6903F02003202BF0D00023DF
:10C0D00018461437BD465DF8047B704780B485B0C0
:10C0E00000AF78600023FB60FB680133FB60FB68F6
:10C0F000B3F1706F01D9032318E07B681B69002B33
:10C10000F2DA0023FB607B6810221A61FB680133BE
:10C11000FB60FB68B3F1706F01D9032306E07B6815
:10C120001B6903F01003102BF0D0002318461437BE
:10C13000BD465DF8047B704780B485B000AF786081
:10C140000B46FB707B68FB60FB6803F500631A68B5
:10C15000FB78F96801F5006113430B600023184672
:10C160001437BD465DF8047B704780B487B000AFDC
:10C1700078607B683B613B6903F500639B6803F073
:10C180000603FB60FB68002B02D10023FB750AE06D
:10C19000FB68022B02D0FB68062B02D10223FB7541
:10C1A00001E00F23FB75FB7D18461C37BD465DF88B
:10C1B000047B704780B485B000AF786039607B68DD
:10C1C000FB603B681B78BB603B685B78012B3AD116
:10C1D000FB6803F50063DA693B681B7803F00F0323
:10C1E000012101FA03F39BB2F96801F500611343E1
:10C1F000CB61BB685A01FB68134403F510631B68ED
:10C2000003F40043002B55D1BB685A01FB6813446B
:10C2100003F510631A683B689B68C3F30A013B6827
:10C220001B799B041943BB689B050B431343BA68F6
:10C230005101FA680A4402F5106243F0805343F456
:10C240000043136036E0FB6803F50063DA693B687E
:10C250001B7803F00F03012101FA03F31B04F968B3
:10C2600001F500611343CB61BB685A01FB681344BD
:10C2700003F530631B6803F40043002B1AD1BB683D
:10C280005A01FB68134403F530631A683B689B68E6
:10C29000C3F30A013B681B799B040B431343BA6841
:10C2A0005101FA680A4402F5306243F0805343F4C6
:10C2B00000431360002318461437BD465DF8047B25
:10C2C0007047000080B485B000AF786039607B684B
:10C2D000FB603B681B78BB603B685B78012B61D1DE
:10C2E000BB685A01FB68134403F510631B6803F035
:10C2F0000043B3F1004F1FD1BB685A01FB681344E0
:10C3000003F510631B68BA685101FA680A4402F524
:10C31000106243F000631360BB685A01FB6813446A
:10C3200003F510631B68BA685101FA680A4402F504
:10C33000106243F080431360FB6803F50063DA6B1F
:10C340003B681B7803F00F03012101FA03F39BB252
:10C35000DB43F96801F500611340CB63FB6803F52B
:10C360000063DA693B681B7803F00F03012101FACF
:10C3700003F39BB2DB43F96801F500611340CB6125
:10C38000BB685A01FB68134403F510631A68BB6865
:10C390005901FB680B4403F510631946354B1340F4
:10C3A0000B6060E0BB685A01FB68134403F530631F
:10C3B0001B6803F00043B3F1004F1FD1BB685A0163
:10C3C000FB68134403F530631B68BA685101FA68CF
:10C3D0000A4402F5306243F000631360BB685A01FF
:10C3E000FB68134403F530631B68BA685101FA68AF
:10C3F0000A4402F5306243F080431360FB6803F5A2
:10C400000063DA6B3B681B7803F00F03012101FA2C
:10C4100003F31B04DB43F96801F500611340CB63B0
:10C42000FB6803F50063DA693B681B7803F00F03D0
:10C43000012101FA03F31B04DB43F96801F50061F4
:10C440001340CB61BB685A01FB68134403F53063AA
:10C450001A68BB685901FB680B4403F53063194641
:10C46000054B13400B60002318461437BD465DF89A
:10C47000047B7047007833EC0078F3EF80B58AB026
:10C4800002AFF860B9601346FB71FB68FB61BB68E3
:10C490001B78BB61BB685B78012B40F07F81BB6878
:10C4A0001B69002B32D1BB695A01FB69134403F5A8
:10C4B00010631B69BA695101FA690A4402F51062F6
:10C4C00023F0FF5323F4C0131361BB695A01FB69C6
:10C4D000134403F510631B69BA695101FA690A44F0
:10C4E00002F5106243F400231361BB695A01FB6932
:10C4F000134403F510631B69BA695101FA690A44D0
:10C5000002F51062DB0CDB04136197E0BB695A0192
:10C51000FB69134403F510631B69BA695101FA6999
:10C520000A4402F51062DB0CDB041361BB695A019B
:10C53000FB69134403F510631B69BA695101FA6979
:10C540000A4402F5106223F0FF5323F4C013136171
:10C55000BB69002B1AD1BB681A69BB689B689A42F9
:10C5600003D9BB689A68BB681A61BB695A01FB6949
:10C57000134403F510631B69BA695101FA690A444F
:10C5800002F5106243F40023136144E0BB681A69AA
:10C59000BB689B6813445A1EBB689B68B2FBF3F3ED
:10C5A000FB82BB695A01FB69134403F510631A69E6
:10C5B000FB8AD904A44B0B40B9694801F9690144CD
:10C5C00001F5106113430B61BB681B79012B22D16C
:10C5D000BB695A01FB69134403F510631B69BA690F
:10C5E0005101FA690A4402F5106223F0C043136155
:10C5F000BB695A01FB69134403F510631A69FB8A8E
:10C600005B0703F0C043B9694801F969014401F5CA
:10C61000106113430B61BB695A01FB69134403F5B5
:10C6200010631A69BB681B69C3F31203B969480137
:10C63000F969014401F5106113430B61FB79012B8A
:10C640004BD1BB68DB69002B09D0BB695A01FB6980
:10C65000134403F510631A46BB68DB695361BB687A
:10C660001B79012B28D1FB6903F500639B6803F458
:10C670008073002B10D1BB695A01FB69134403F589
:10C6800010631B68BA695101FA690A4402F5106225
:10C6900043F0005313600FE0BB695A01FB69134478
:10C6A00003F510631B68BA695101FA690A4402F57F
:10C6B000106243F080531360BB695A01FB69134455
:10C6C00003F510631B68BA695101FA690A4402F55F
:10C6D000106243F00443136066E1BB695A01FB69D1
:10C6E000134403F510631B68BA695101FA690A44DF
:10C6F00002F5106243F004431360BB681B79012B01
:10C7000015D0BB681B69002B00F04E81FB6903F557
:10C7100000635A6BBB681B7803F00F03012101FA19
:10C7200003F3F96901F5006113434B633CE1FB69D5
:10C7300003F500639B6803F48073002B10D1BB6981
:10C740005A01FB69134403F510631B68BA69510170
:10C75000FA690A4402F5106243F0005313600FE0D7
:10C76000BB695A01FB69134403F510631B68BA697E
:10C770005101FA690A4402F5106243F080531360D4
:10C78000BB68D968BB681A78BB681B6998B2FB792B
:10C7900000930346F86800F0B9F905E1BB695A0156
:10C7A000FB69134403F530631B69BA695101FA69E7
:10C7B0000A4402F53062DB0CDB041361BB695A01E9
:10C7C000FB69134403F530631B69BA695101FA69C7
:10C7D0000A4402F5306223F0FF5323F4C0131361BF
:10C7E000BB69002B32D1BB681B69002B03D0BB682F
:10C7F0009A68BB681A61BB689A68BB681A62BB69B1
:10C800005A01FB69134403F530631A69BB681B6A5C
:10C81000C3F31203B9694801F969014401F53061B4
:10C8200013430B61BB695A01FB69134403F5306381
:10C830001B69BA695101FA690A4402F5306243F48E
:10C840000023136162E000BF0000F81FBB681B6992
:10C85000002B23D1BB695A01FB69134403F53063F4
:10C860001A69BB689B68C3F31203B9694801F96987
:10C87000014401F5306113430B61BB695A01FB6947
:10C88000134403F530631B69BA695101FA690A441C
:10C8900002F5306243F40023136137E0BB681A6984
:10C8A000BB689B6813445A1EBB689B68B2FBF3F3DA
:10C8B000FB82BB689B68FA8A03FB02F2BB681A62C0
:10C8C000BB695A01FB69134403F530631A69FB8A9B
:10C8D000D904384B0B40B9694801F969014401F5A5
:10C8E000306113430B61BB695A01FB69134403F5C3
:10C8F00030631A69BB681B6AC3F31203B969480144
:10C90000F969014401F5306113430B61FB79012B97
:10C910000DD1BB68DB68002B09D0BB68D968BB6947
:10C920005A01FB69134403F530630A465A61BB6838
:10C930001B79012B28D1FB6903F500639B6803F485
:10C940008073002B10D1BB695A01FB69134403F5B6
:10C9500030631B68BA695101FA690A4402F5306212
:10C9600043F0005313600FE0BB695A01FB691344A5
:10C9700003F530631B68BA695101FA690A4402F58C
:10C98000306243F080531360BB695A01FB69134462
:10C9900003F530631B68BA695101FA690A4402F56C
:10C9A000306243F004431360002318462037BD462D
:10C9B00080BD00BF0000F81F80B487B000AF786072
:10C9C00039600023FB600023FB757B683B613B689B
:10C9D0005B78012B4AD13B681B785A013B691344B1
:10C9E00003F510631B6803F00043B3F1004F40F000
:10C9F00086803B681B785A013B69134403F510633A
:10CA00001B683A68127851013A690A4402F51062CB
:10CA100043F0006313603B681B785A013B69134481
:10CA200003F510631B683A68127851013A690A44A9
:10CA300002F5106243F080431360FB680133FB6032
:10CA4000FB6842F21072934202D90123FB7556E053
:10CA50003B681B785A013B69134403F510631B685C
:10CA600003F00043B3F1004FE7D048E03B681B7888
:10CA70005A013B69134403F530631B6803F000431C
:10CA8000B3F1004F3BD13B681B785A013B6913441B
:10CA900003F530631B683A68127851013A690A4419
:10CAA00002F5306243F0006313603B681B785A0163
:10CAB0003B69134403F530631B683A6812785101EF
:10CAC0003A690A4402F5306243F080431360FB6820
:10CAD0000133FB60FB6842F21072934202D90123DA
:10CAE000FB750CE03B681B785A013B69134403F566
:10CAF00030631B6803F00043B3F1004FE7D0FB7DC8
:10CB000018461C37BD465DF8047B704780B489B079
:10CB100000AFF860B96011461A460B46FB71134628
:10CB2000BB80FB687B61BB68FB6197F82830002BFA
:10CB300023D1BB8803339B083B610023BB6118E012
:10CB4000FB791A037B69134403F580531A46FB698A
:10CB50001B681360FB690133FB61FB690133FB61F7
:10CB6000FB690133FB61FB690133FB61BB69013385
:10CB7000BB61BA693B699A42E2D300231846243765
:10CB8000BD465DF8047B704780B48BB000AFF860A1
:10CB9000B9601346FB80FB68BB61BB687B62FB88A6
:10CBA0009B089BB27B61FB8803F00303FB8300239C
:10CBB0003B6214E0BB6903F580531A687B6A1A6014
:10CBC0007B6A01337B627B6A01337B627B6A013360
:10CBD0007B627B6A01337B623B6A01333B623A6A68
:10CBE0007B699A42E6D3FB8B002B1ED000233B626D
:10CBF000BB6903F580531A4607F1100312681A60E7
:10CC00003A693B6ADBB2DB0022FA03F3DAB27B6AF1
:10CC10001A703B6A01333B627B6A01337B62FB8B98
:10CC2000013BFB83FB8B002BEAD17B6A18462C3738
:10CC3000BD465DF8047B704780B485B000AF786076
:10CC400039607B68FB603B681B78BB603B685B7846
:10CC5000012B2CD1BB685A01FB68134403F5106308
:10CC60001B68002B12DBBB68002B0FD0BB685A017E
:10CC7000FB68134403F510631B68BA685101FA6836
:10CC80000A4402F5106223F080431360BB685A0126
:10CC9000FB68134403F510631B68BA685101FA6816
:10CCA0000A4402F5106243F4001313602BE0BB68E2
:10CCB0005A01FB68134403F530631B68002B12DB39
:10CCC000BB68002B0FD0BB685A01FB68134403F507
:10CCD00030631B68BA685101FA680A4402F5306291
:10CCE00023F080431360BB685A01FB68134403F5CB
:10CCF00030631B68BA685101FA680A4402F5306271
:10CD000043F400131360002318461437BD465DF842
:10CD1000047B704780B485B000AF786039607B6871
:10CD2000FB603B681B78BB603B685B78012B28D1BC
:10CD3000BB685A01FB68134403F510631B68BA68AB
:10CD40005101FA680A4402F5106223F400131360DB
:10CD50003B681B79032B03D03B681B79022B38D12E
:10CD6000BB685A01FB68134403F510631B68BA687B
:10CD70005101FA680A4402F5106243F080531360CF
:10CD800027E0BB685A01FB68134403F530631B6856
:10CD9000BA685101FA680A4402F5306223F40013BC
:10CDA00013603B681B79032B03D03B681B79022B74
:10CDB0000FD1BB685A01FB68134403F530631B684D
:10CDC000BA685101FA680A4402F5306243F08053B0
:10CDD0001360002318461437BD465DF8047B704786
:10CDE00080B485B000AF78600B46FB707B68FB6059
:10CDF000FB6803F500631B68FA6802F5006223F420
:10CE0000FE631360FB6803F500631A68FB781B017F
:10CE100003F4FE63F96801F5006113430B6000231E
:10CE200018461437BD465DF8047B704780B485B062
:10CE300000AF78607B68FB60FB6803F560631B688C
:10CE4000FA6802F5606223F003031360FB6803F5E0
:10CE500000635B68FA6802F5006223F00203536026
:10CE6000002318461437BD465DF8047B704780B434
:10CE700085B000AF78607B68FB60FB6803F560639A
:10CE80001B68FA6802F5606223F003031360FB6815
:10CE900003F500635B68FA6802F5006243F0020381
:10CEA0005360002318461437BD465DF8047B704775
:10CEB00080B485B000AF78607B685B69FB607B689D
:10CEC0009B69FA681340FB60FB6818461437BD463F
:10CED0005DF8047B704780B485B000AF78607B68F4
:10CEE000FB60FB6803F500639B69BB60FB6803F5AF
:10CEF0000063DB69BA681340BB60BB681B0C184653
:10CF00001437BD465DF8047B704780B485B000AF30
:10CF100078607B68FB60FB6803F500639B69BB601E
:10CF2000FB6803F50063DB69BA681340BB60BB684C
:10CF30009BB218461437BD465DF8047B704780B439
:10CF400085B000AF78600B46FB707B68FB60FB78B8
:10CF50005A01FB68134403F530639B68BB60FB68B0
:10CF600003F500635B69BA681340BB60BB68184691
:10CF70001437BD465DF8047B704780B487B000AFBE
:10CF800078600B46FB707B687B617B6903F500630F
:10CF90001B693B617B6903F500635B6BFB60FB789E
:10CFA00003F00F03FA6822FA03F3DB01DBB23A69FC
:10CFB00013433B61FB785A017B69134403F510630B
:10CFC0009B683A691340BB60BB6818461C37BD4676
:10CFD0005DF8047B704780B483B000AF78607B68F5
:10CFE0005B6903F0010318460C37BD465DF8047B0E
:10CFF000704780B485B000AF78607B68FB60FB68E9
:10D0000003F510631B68FA6802F5106223F4FF63EE
:10D0100023F007031360FB6803F500635B68FA689D
:10D0200002F5006243F480735360002318461437FE
:10D03000BD465DF8047B704780B487B000AFF860F0
:10D040000B467A60FB72FB687B61FB683C33043300
:10D050001B683B613B69264A93420AD97B6903F509
:10D0600030631B6803F00043B3F1004F01D100238C
:10D0700037E07B6903F530631A46002313617B694F
:10D0800003F530631B697A6902F5306243F40023CB
:10D0900013617B6903F530631B697A6902F53062BD
:10D0A00043F0180313617B6903F530631B697A69E8
:10D0B00002F5306243F0C0431361FB7A012B0FD1BC
:10D0C0007B6903F530631A467B6853617B6903F51E
:10D0D00030631B687A6902F5306243F08023136085
:10D0E000002318461C37BD465DF8047B704700BF1F
:10D0F0000A30544F80B485B000AF78600023FB60E5
:10D10000FB680133FB60FB68B3F1706F01D9032347
:10D1100022E07B681B69002BF2DA0A23FB6002E045
:10D12000FB68013BFB60FB68002BF9D17B681B6946
:10D1300043F001027B681A61FB680133FB60FB6806
:10D14000B3F1706F01D9032306E07B681B6903F01C
:10D150000103012BF0D0002318461437BD465DF8BB
:10D16000047B704780B584B000AF78600B46FB70DD
:10D170004FF4077002F01EFDF860FB68002B09D128
:10D180007B68D3F8D4227B68B032002143F82210A8
:10D190000223D4E04FF407720021F86802F084FD06
:10D1A0007B68D3F8D4227B68B032F96843F8221048
:10D1B0007B68D3F8D4227B68B03253F822207B6896
:10D1C000C3F8BC227B681B7C002B38D15E4B1978DE
:10D1D0004FF400730222786802F0C9FB5A4B1B78A7
:10D1E00003F00F02796813469B0013449B000B4425
:10D1F000233301221A70554B19784FF40073022221
:10D20000786802F0B4FB514B1B7803F00F02796889
:10D2100013469B0013449B000B4403F2631301224B
:10D220001A704B4B1B7803F00F02796813469B0072
:10D2300013449B000B441C3310221A6035E0424B10
:10D24000197840230222786802F091FB3E4B1B784C
:10D2500003F00F02796813469B0013449B000B44B4
:10D26000233301221A70394B19784023022278683F
:10D2700002F07DFB354B1B7803F00F0279681346F3
:10D280009B0013449B000B4403F2631301221A70AA
:10D290002F4B1B7803F00F02796813469B00134451
:10D2A0009B000B441C3310221A60294B1978082369
:10D2B0000322786802F05BFB254B1B7803F00F021A
:10D2C000796813469B0013449B000B4423330122CF
:10D2D0001A70FB680022C3F804227B68D3F8D432AA
:10D2E0007A68B0339B0013445B681B689847FB68FF
:10D2F0000022C3F81422FB680022C3F81822FB683E
:10D30000D3F80432002B01D1022318E07B681B7C88
:10D31000002B0AD10D4B1978FB68D3F804224FF487
:10D320000073786802F012FC08E0084B1978FB687B
:10D33000D3F804224023786802F008FC0023184642
:10D340001037BD4680BD00BFC3000020C4000020D0
:10D35000C500002080B582B000AF78600B46FB703E
:10D360003A4B1B781946786802F027FB374B1B783D
:10D3700003F00F02796813469B0013449B000B4493
:10D38000233300221A70324B1B781946786802F05A
:10D3900014FB2F4B1B7803F00F02796813469B0098
:10D3A00013449B000B4403F2631300221A70294BB1
:10D3B0001B781946786802F000FB264B1B7803F0B7
:10D3C0000F02796813469B0013449B000B442333E0
:10D3D00000221A701F4B1B7803F00F027968134666
:10D3E0009B0013449B000B441C3300221A607B6893
:10D3F000D3F8D4227B68B03253F82230002B1FD0F0
:10D400007B68D3F8D4327A68B0339B0013445B68EE
:10D410005B6898477B68D3F8D4227B68B03253F8B6
:10D420002230184602F0D4FB7B68D3F8D4227B6804
:10D43000B032002143F822107B680022C3F8BC22DE
:10D44000002318460837BD4680BD00BFC30000203A
:10D45000C4000020C500002080B586B000AF786011
:10D4600039607B68D3F8D4227B68B03253F822301D
:10D470003B6100237B7300237B810023FB753B69A9
:10D48000002B01D10323BFE03B681B7803F060034E
:10D49000002B50D0202B40F0AF803B68DB88002B66
:10D4A0003AD03B681B785BB2002B1BDA7B68D3F861
:10D4B000D4327A68B0339B0013445B689B683A6847
:10D4C000507839693A68D28898473B68DB88072BDF
:10D4D00028BF0723FB813B69FA891946786801F068
:10D4E000A9FD90E03B685A783B6983F800223B68CD
:10D4F000DB883F2B03D83B68DB88DAB200E04022B0
:10D500003B6983F8012239693B6993F801321A4675
:10D51000786801F0BEFD76E07B68D3F8D4327A6893
:10D52000B0339B0013445B689B683A6850780022D4
:10D530003968984767E03B685B780B2B51D801A2AC
:10D5400052F823F075D50008F1D50008E3D500089E
:10D55000E3D50008E3D50008E3D50008E3D50008CB
:10D56000E3D50008E3D50008E3D500089FD50008FF
:10D57000C9D500087B6893F89C32DBB2032B07D136
:10D5800007F10A0302221946786801F053FD32E0E0
:10D590003968786801F0D1FC0323FB752BE07B68C8
:10D5A00093F89C32DBB2032B07D107F10D03012264
:10D5B0001946786801F03EFD1DE03968786801F091
:10D5C000BCFC0323FB7516E07B6893F89C32DBB24E
:10D5D000032B0FD03968786801F0AFFC0323FB758B
:10D5E00008E03968786801F0A8FC0323FB7502E0C5
:10D5F00000BF08E000BF06E03968786801F09DFCD4
:10D600000323FB7500BFFB7D18461837BD4680BD60
:10D6100080B584B000AF78600B46FB707B68D3F8B0
:10D62000C832FB607B68D3F8D4227B68B03253F8F1
:10D630002230002B01D1032365E07B68D3F8D4228C
:10D640007B68B03253F82230BB60FB7803F00F02E6
:10D65000796813469B0013449B000B4414331B68EA
:10D66000002B2FD0FB7803F00F02796813469B0044
:10D6700013449B000B4414331A68FB7803F00F012A
:10D68000F8680B46DB000B449B0003441C331B680B
:10D69000B2FBF3F101FB03F3D31A002B12D1FB7899
:10D6A00003F00F02796813469B0013449B000B4460
:10D6B000143300221A60F97800230022786802F0FF
:10D6C00024FA1FE0BB680022C3F814227B68D3F859
:10D6D000D4327A68B0339B0013445B681B69002B1B
:10D6E00010D07B68D3F8D4327A68B0339B001344EF
:10D6F0005B681B69BA68D2F80802BA6802F504715F
:10D70000FA789847002318461037BD4680BD80B58B
:10D7100084B000AF78600B46FB707B68D3F8D422EE
:10D720007B68B03253F82230FB607B68D3F8D42298
:10D730007B68B03253F82230002B01D103231AE06A
:10D74000FB781946786802F022FA0246FB68C3F8B3
:10D750000C227B68D3F8D4327A68B0339B00134430
:10D760005B68DB68FA68D2F80402FA6802F50372B3
:10D7700011469847002318461037BD4680BD80B536
:10D7800084B000AF78607B68D3F8D4227B68B03275
:10D7900053F82230FB60FB68002B01D1032324E007
:10D7A0007B68D3F8D4327A68B0339B0013445B684B
:10D7B000002B19D0FB6893F80032FF2B14D07B6844
:10D7C000D3F8D4327A68B0339B0013445B689B680B
:10D7D000FA6892F80002F968FA6892F8012298470C
:10D7E000FB68FF2283F80022002318461037BD464D
:10D7F00080BD000080B586B000AF786082211848F7
:10D8000000F062FD78610121154800F05DFD38618E
:10D810008121134800F058FDF8607B69002B02D08D
:10D820007B6910229A713B69002B06D03B6900226C
:10D8300042F040021A7100225A71FB68002B06D098
:10D84000FB68002242F040021A7100225A717B6884
:10D8500043221A80024B18461837BD4680BD00BFD0
:10D860008000002080B586B000AF78608221184823
:10D8700000F02AFD78610121154800F025FD38618E
:10D880008121134800F020FDF8607B69002B02D055
:10D890007B6910229A713B69002B06D03B690022FC
:10D8A0001A71002242F002025A71FB68002B06D066
:10D8B000FB6800221A71002242F002025A717B6852
:10D8C00043221A80024B18461837BD4680BD00BF60
:10D8D0008000002080B586B000AF786082211848B3
:10D8E00000F0F2FC78610121154800F0EDFC386190
:10D8F0008121134800F0E8FCF8607B69002B02D01E
:10D900007B6910229A713B69002B06D03B6900228B
:10D9100042F040021A7100225A71FB68002B06D0B7
:10D92000FB68002242F040021A7100225A717B68A3
:10D9300043221A80024B18461837BD4680BD00BFEF
:10D940008000002080B483B000AF78607B680A223A
:10D950001A80034B18460C37BD465DF8047B7047B0
:10D960003C00002080B483B000AF786039603B6831
:10D97000002B01D1032309E07B68D3F8D4327A6805
:10D98000B0339B0013443A685A60002318460C37A2
:10D99000BD465DF8047B704780B487B000AFF86087
:10D9A000B9607A60FB68D3F8D422FB68B03253F8D0
:10D9B00022307B617B69002B01D1032308E07B6966
:10D9C000BA68C3F808227B697A68C3F8102200237A
:10D9D00018461C37BD465DF8047B704780B485B09F
:10D9E00000AF786039607B68D3F8D4227B68B032AE
:10D9F00053F82230FB60FB68002B01D1032304E0C5
:10DA0000FB683A68C3F80422002318461437BD4661
:10DA10005DF8047B7047000080B584B000AF78608B
:10DA20007B68D3F8D4227B68B03253F82230BB60D5
:10DA30000123FB73BB68002B01D1032325E0BB68E6
:10DA4000D3F81432002B1FD1BB680122C3F8142273
:10DA5000104B1B7803F00F02BB68D3F810127868E4
:10DA600013469B0013449B00034414331960094B75
:10DA70001978BB68D3F80822BB68D3F810327868ED
:10DA800002F043F80023FB73FB7B18461037BD46BA
:10DA900080BD00BFC300002080B584B000AF7860B7
:10DAA0007B68D3F8D4227B68B03253F82230FB6015
:10DAB0007B68D3F8D4227B68B03253F82230002B35
:10DAC00001D1032318E07B681B7C002B0AD10C4B8F
:10DAD0001978FB68D3F804224FF40073786802F0D9
:10DAE00035F808E0064B1978FB68D3F80422402388
:10DAF000786802F02BF8002318461037BD4680BD29
:10DB0000C400002080B586B000AFF860B96013464D
:10DB1000FB71FB68002B01D103231FE0FB6800228F
:10DB2000C3F8B822FB680022C3F8C422FB680022B5
:10DB3000C3F8D022BB68002B03D0FB68BA68C3F8D7
:10DB4000B422FB68012283F89C22FB68FA791A70E0
:10DB5000F86801F0A5FE0346FB75FB7D18461837F3
:10DB6000BD4680BD80B584B000AF786039600023C9
:10DB7000FB813B68002B01D1032325E07B683A68D9
:10DB8000C3F8B8227B68D3F8D4227B68AE3253F84E
:10DB90002230DB6A002B0FD07B68D3F8D4227B685D
:10DBA000AE3253F82230DB6A07F10E021046984776
:10DBB00002467B68C3F8D0227B68D3F8D8325A1C5F
:10DBC0007B68C3F8D822002318461037BD4680BDB5
:10DBD00080B582B000AF7860786801F0ADFE034692
:10DBE00018460837BD4680BD80B483B000AF78606A
:10DBF000002318460C37BD465DF8047B704780B59E
:10DC000084B000AF78600B46FB700023FB737B6829
:10DC1000D3F8B832002B09D07B68D3F8B8321B6830
:10DC2000FA781146786898470346FB73FB7B1846E1
:10DC30001037BD4680BD80B584B000AF78600B461C
:10DC4000FB700023FB737B68D3F8B8325B68FA780B
:10DC50001146786898470346002B01D00323FB73D5
:10DC6000FB7B18461037BD4680BD80B584B000AF41
:10DC7000786039607B6803F2AA233968184601F09E
:10DC800022F97B680122C3F894227B68B3F8B03292
:10DC90001A467B68C3F898227B6893F8AA3203F08F
:10DCA0001F03022B1AD0022B22D8002B02D0012BEB
:10DCB0000AD01DE07B6803F2AA231946786800F0B9
:10DCC00077FB0346FB7320E07B6803F2AA23194627
:10DCD000786800F0DFFB0346FB7316E07B6803F215
:10DCE000AA231946786800F041FC0346FB730CE058
:10DCF0007B6893F8AA3223F07F03DBB21946786879
:10DD000001F07AFE0346FB7300BFFB7B1846103719
:10DD1000BD4680BD80B586B000AFF8600B467A6026
:10DD2000FB720023FB75FB7A002B77D1FB6803F5B0
:10DD3000AA733B61FB68D3F89432032B40F0A180B7
:10DD40003B695B683A69928993421CD93B695B687D
:10DD50003A6992899A1A3B695A603B691B693A6928
:10DD600092891A443B691A613B6919693B699B892D
:10DD70001A463B695B68934238BF13461A46F868F7
:10DD800001F0A8F97DE0FB6893F8AA3203F01F03C5
:10DD9000022B14D0022B1DD8002B02D0012B03D054
:10DDA00018E00023BB7518E0FB68B3F8AE32DBB2B5
:10DDB0001946F86800F06EFA0346BB750DE0FB6883
:10DDC000B3F8AE32DBB21946F86800F070FA0346D9
:10DDD000BB7502E00023BB7500BFBB7D002B19D1D2
:10DDE000FB6893F89C32DBB2032B13D1BA7DFB683E
:10DDF000AE3253F822301B69002B0BD0BA7DFB6882
:10DE0000C3F8D422BA7DFB68AE3253F822301B69C6
:10DE1000F8689847F86801F06EF932E0FB7A03F091
:10DE20007F03DBB21946F86800F041FA0346BB7580
:10DE3000BB7DFF2B25D0BB7D002B22D1FB6893F847
:10DE40009C32DBB2032B17D1BA7DFB68AE3253F89C
:10DE500022309B69002B0FD0BA7DFB68C3F8D42217
:10DE6000BA7DFB68AE3253F822309B69FA7A1146CC
:10DE7000F86898470346FB75FB7D002B01D0FB7DBE
:10DE800000E0002318461837BD4680BD80B586B037
:10DE900000AFF8600B467A60FB72FB7A002B78D1FA
:10DEA000FB6814333B61FB68D3F89432022B63D1D7
:10DEB0003B695B683A69928993421CD93B695B680C
:10DEC0003A6992899A1A3B695A603B691B693A69B7
:10DED00092891A443B691A613B6919693B695B681D
:10DEE0001A46F86801F0C4F8002300220021F868FF
:10DEF00001F02CFE40E03B699B891A463B695B6858
:10DF00009A421CD13B691B683A699289934216D3A5
:10DF10003B691A68FB68D3F898329A420FD2002204
:10DF20000021F86801F0A4F8FB680022C3F89822E9
:10DF3000002300220021F86801F008FE1CE0FB68C5
:10DF400093F89C32DBB2032B0FD1FB68D3F8B832C5
:10DF5000DB68002B09D0FB680022C3F8D422FB68E1
:10DF6000D3F8B832DB68F86898478021F86801F088
:10DF700043FDF86801F0D2F8FB6893F8A032002B5B
:10DF80003AD0F868FFF730FEFB68002283F8A02241
:10DF900032E0FB7A63F07F03DBB21946F86800F0E9
:10DFA00086F90346FB75FB7DFF2B25D0FB7D002BFF
:10DFB00022D1FB6893F89C32DBB2032B1CD1FA7D93
:10DFC000FB68AE3253F822305B69002B14D0FA7D27
:10DFD000FB68C3F8D422FA7DFB68AE3253F82230D6
:10DFE0005B69FA7A1146F86898470346BB75BB7DB2
:10DFF000002B01D0BB7D00E0002318461837BD463A
:10E0000080BD80B584B000AF78600023FB737B686F
:10E01000012283F89C227B680022C3F894227B684B
:10E0200000225A607B680022C3F8A4227B68002289
:10E0300083F8A0227B68D3F8B832002B14D07B6819
:10E04000D3F8B8325B68002B0ED07B68D3F8B832B7
:10E050005B687A685268D2B211467868984703467E
:10E06000002B01D00323FB7340230022002178689A
:10E0700001F07DFC7B68012283F863217B684022EC
:10E08000A3F86021402300228021786801F06FFC12
:10E090007B68012283F823207B6840221A84FB7B63
:10E0A00018461037BD4680BD80B483B000AF78609D
:10E0B0000B46FB707B68FA781A74002318460C37FD
:10E0C000BD465DF8047B704780B483B000AF7860D4
:10E0D0007B6893F89C32DBB2042B06D07B6893F804
:10E0E0009C32DAB27B6883F89D227B68042283F835
:10E0F0009C22002318460C37BD465DF8047B704710
:10E1000080B483B000AF78607B6893F89C32DBB258
:10E11000042B06D17B6893F89D32DAB27B6883F8D2
:10E120009C22002318460C37BD465DF8047B7047DF
:10E1300080B582B000AF78607B6893F89C32DBB228
:10E14000032B10D17B68D3F8B832002B0BD07B683F
:10E15000D3F8B832DB69002B05D07B68D3F8B8322E
:10E16000DB6978689847002318460837BD4680BDAC
:10E1700080B582B000AF78600B46FB707B68D3F847
:10E18000D4227B68AE3253F82230002B01D1032316
:10E190001CE07B6893F89C32DBB2032B15D17B68C3
:10E1A000D3F8D4227B68AE3253F822301B6A002B9E
:10E1B0000BD07B68D3F8D4227B68AE3253F8223080
:10E1C0001B6AFA7811467868984700231846083782
:10E1D000BD4680BD80B582B000AF78600B46FB7055
:10E1E0007B68D3F8D4227B68AE3253F82230002B00
:10E1F00001D103231CE07B6893F89C32DBB2032B34
:10E2000015D17B68D3F8D4227B68AE3253F8223024
:10E210005B6A002B0BD07B68D3F8D4227B68AE32CC
:10E2200053F822305B6AFA781146786898470023E1
:10E2300018460837BD4680BD80B483B000AF786013
:10E24000002318460C37BD465DF8047B704780B547
:10E2500084B000AF78600023FB737B68012283F8F1
:10E260009C227B68D3F8B832002B0ED07B68D3F8A1
:10E27000B8325B687A685268D2B2114678689847BB
:10E280000346002B01D00323FB73FB7B184610379A
:10E29000BD4680BD80B483B000AF78600B46FB7094
:10E2A000002318460C37BD465DF8047B704780B4E8
:10E2B00083B000AF78600B46FB70002318460C3724
:10E2C000BD465DF8047B704780B586B000AF7860CE
:10E2D0000B46FB707B687B617B68FB6000233B61C6
:10E2E000FB685B889BB2FA68127893421FD9FB687F
:10E2F0001B787B8113E007F10A031946786900F067
:10E300001BF878617B695B78052B08D17B693B61E1
:10E310003B699B78FA789A4208D000233B61FB68FE
:10E320005B889AB27B899A42E5D800E000BF3B69DE
:10E3300018461837BD4680BD80B485B000AF786000
:10E3400039607B68FB603B681B88FA68127813446D
:10E350009AB23B681A80FB681B781A467B681344A4
:10E36000FB60FB6818461437BD465DF8047B7047B8
:10E3700080B487B000AF78607B687B617B691B7875
:10E380007B827B6901337B617B691B783B82B7F9B8
:10E3900010301B021AB2B7F9123013431BB2FB81C3
:10E3A000FB8918461C37BD465DF8047B70470000AA
:10E3B00080B584B000AF786039600023FB733B68A0
:10E3C0001B7803F06003402B05D0402B57D8002B5F
:10E3D0000FD0202B53D17B68D3F8D4227B68AE3288
:10E3E00053F822309B683968786898470346FB7376
:10E3F0004AE03B685B78092B3BD801A252F823F036
:10E4000055E4000869E4000873E400085FE40008CC
:10E4100073E4000833E4000829E4000873E400080A
:10E420004BE400083DE400083968786800F03EFAE3
:10E4300024E03968786800F0A3FB1FE03968786849
:10E4400000F0E2FB0346FB7318E03968786800F0DF
:10E4500085FC13E03968786800F0B6FC0EE0396896
:10E46000786800F0E5FC09E03968786800F009FD9B
:10E4700004E03968786800F060FD00BF04E03968A6
:10E48000786800F05AFD00BFFB7B18461037BD4688
:10E4900080BD00BF80B584B000AF786039600023D4
:10E4A000FB733B681B7803F06003402B05D0402BC7
:10E4B00052D8002B01D0202B4ED17B6893F89C3290
:10E4C000DBB2013B022B40D83B689B88DBB2012BBF
:10E4D00036D83B689B88DBB219467868FFF7DAFECE
:10E4E0000346BB73BB7BFF2B1DD0BB7B002B1AD11C
:10E4F000BA7B7B68AE3253F822309B68002B0FD07A
:10E50000BA7B7B68C3F8D422BA7B7B68AE3253F8FF
:10E5100022309B683968786898470346FB7304E0AB
:10E520000323FB7301E00323FB733B68DB88002BB1
:10E5300010D1FB7B002B0DD1786800F0DCFD09E0E9
:10E540003968786800F0F9FC04E03968786800F010
:10E55000F4FC00E000BF04E03968786800F0EDFCEE
:10E5600000BFFB7B18461037BD4680BD80B584B028
:10E5700000AF786039600023FB733B689B88BB73F6
:10E580003B681B7803F06003402B07D0402B00F260
:10E590008181002B2AD0202B40F07C81BB7B194647
:10E5A0007868FFF784FE03467B737B7BFF2B00F0CC
:10E5B00076817B7B002B40F072817A7B7B68C3F88D
:10E5C000D4227A7B7B68AE3253F822309B68002BD2
:10E5D00000F065817A7B7B68AE3253F822309B680D
:10E5E0003968786898470346FB7358E13B685B7865
:10E5F000032B08D0032B00F34781002B00F09B80F6
:10E60000012B3CD040E17B6893F89C32DBB2022BBB
:10E6100002D0032B16D02CE0BB7B002B0DD0BB7B94
:10E62000802B0AD0BB7B1946786801F0E5F9802180
:10E63000786801F0E1F900BF20E03968786800F0FF
:10E640007CFC1BE03B685B88002B0ED1BB7B002B66
:10E650000BD0BB7B802B08D03B68DB88002B04D120
:10E66000BB7B1946786801F0C7F9786800F043FD74
:10E6700004E03968786800F060FC00BF09E17B685D
:10E6800093F89C32DBB2022B02D0032B16D04BE066
:10E69000BB7B002B0DD0BB7B802B0AD0BB7B1946EC
:10E6A000786801F0A9F98021786801F0A5F900BF28
:10E6B00040E03968786800F040FC3BE03B685B88EC
:10E6C000002B36D1BB7B03F07F03002B04D0BB7B38
:10E6D0001946786801F0AFF9786800F00CFDBB7B53
:10E6E00019467868FFF7E3FD03467B737B7BFF2BBE
:10E6F0001FD07B7B002B1CD17A7B7B68C3F8D42294
:10E700007A7B7B68AE3253F822309B68002B10D0A6
:10E710007A7B7B68AE3253F822309B683968786820
:10E7200098470346FB7304E03968786800F005FCFD
:10E7300000E000BFADE07B6893F89C32DBB2022BB7
:10E7400002D0032B33D099E0BB7B002B07D0BB7BDF
:10E75000802B04D03968786800F0EFFB93E097F9DC
:10E760000E30002B0BDABB7B03F07F0213469B00BD
:10E7700013449B0010337A68134404330BE0BB7BD3
:10E7800003F07F0213469B0013449B0003F5A8731C
:10E790007A6813440433BB60BB6800229A73BB6879
:10E7A0000E3302221946786800F044FC6BE097F9BA
:10E7B0000E30002B11DABB7B03F00F027968134691
:10E7C0009B0013449B000B4423331B78002B17D171
:10E7D0003968786800F0B1FB55E0BB7B03F00F02AD
:10E7E000796813469B0013449B000B4403F26313A8
:10E7F0001B78002B04D13968786800F09EFB42E05A
:10E8000097F90E30002B0BDABB7B03F07F02134627
:10E810009B0013449B0010337A68134404330BE0CD
:10E82000BB7B03F07F0213469B0013449B0003F560
:10E83000A8737A6813440433BB60BB7B002B02D0FF
:10E84000BB7B802B03D1BB6800229A730EE0BB7B9D
:10E850001946786801F00EF90346002B03D0BB6817
:10E8600001229A7302E0BB6800229A73BB680E33E0
:10E8700002221946786800F0DDFB04E03968786808
:10E8800000F05BFB00BF04E03968786800F055FBDE
:10E8900000BF05E03968786800F04FFB00E000BF7A
:10E8A000FB7B18461037BD4680BD000080B584B0A4
:10E8B00000AF7860396000233B810023FB600023B8
:10E8C000FB723B685B881B0A9BB2013B062B00F284
:10E8D000288101A252F823F0F5E800080DE90008AC
:10E8E0004DE9000823EB000823EB0008C3EA000809
:10E8F000EFEA00087B68D3F8B4321B687A68127CB0
:10E9000007F1080110469847F86012E17B681B7C0C
:10E91000002B0DD17B68D3F8B8329B6A07F108024F
:10E9200010469847F860FB68013302221A7000E134
:10E930007B68D3F8B832DB6A07F1080210469847C3
:10E94000F860FB68013302221A70F2E03B685B88D2
:10E95000DBB2052B00F2AC8001A252F823F000BF1D
:10E9600079E90008ADE90008E1E9000815EA0008C6
:10E9700049EA00087DEA00087B68D3F8B4325B6896
:10E98000002B0BD07B68D3F8B4325B687A68127CBA
:10E9900007F1080110469847F86091E039687868F7
:10E9A00000F0CBFAFB7A0133FB7289E07B68D3F885
:10E9B000B4329B68002B0BD07B68D3F8B4329B68D1
:10E9C0007A68127C07F1080110469847F86077E0F2
:10E9D0003968786800F0B1FAFB7A0133FB726FE0B6
:10E9E0007B68D3F8B432DB68002B0BD07B68D3F89C
:10E9F000B432DB687A68127C07F108011046984748
:10EA0000F8605DE03968786800F097FAFB7A0133C6
:10EA1000FB7255E07B68D3F8B4321B69002B0BD036
:10EA20007B68D3F8B4321B697A68127C07F108015D
:10EA300010469847F86043E03968786800F07DFA3E
:10EA4000FB7A0133FB723BE07B68D3F8B4325B693D
:10EA5000002B0BD07B68D3F8B4325B697A68127CE8
:10EA600007F1080110469847F86029E0396878688E
:10EA700000F063FAFB7A0133FB7221E07B68D3F884
:10EA8000B4329B69002B0BD07B68D3F8B4329B69FE
:10EA90007A68127C07F1080110469847F8600FE089
:10EAA0003968786800F049FAFB7A0133FB7207E0B5
:10EAB0003968786800F041FAFB7A0133FB7200BFD5
:10EAC00037E07B681B7C002B09D17B68D3F8B83218
:10EAD0005B6B07F1080210469847F86029E0396837
:10EAE000786800F02AFAFB7A0133FB7221E07B6838
:10EAF0001B7C002B0DD17B68D3F8B8321B6B07F160
:10EB0000080210469847F860FB68013307221A7024
:10EB10000FE03968786800F010FAFB7A0133FB7275
:10EB200007E03968786800F008FAFB7A0133FB7275
:10EB300000BFFB7A002B1ED13B68DB88002B16D070
:10EB40003B89002B0ED03B68DA883B89934228BF73
:10EB500013469BB23B813B891A46F968786800F0FE
:10EB600069FA09E03968786800F0E7F904E0786844
:10EB700000F0C1FA00E000BF1037BD4680BD00BF05
:10EB800080B584B000AF786039603B689B88002B0B
:10EB900031D13B68DB88002B2DD13B685B887F2B14
:10EBA00029D83B685B88DBB203F07F03FB737B688B
:10EBB00093F89C32DBB2032B04D13968786800F0FB
:10EBC000BCF91DE07B68FA7B83F89E22FB7B19462B
:10EBD000786800F07BFF786800F08DFAFB7B002BF3
:10EBE00004D07B68022283F89C2209E07B68012222
:10EBF00083F89C2204E03968786800F09EF900BF31
:10EC000000BF1037BD4680BD80B584B000AF7860CE
:10EC100039600023FB733B685B88DAB24E4B1A7095
:10EC20004D4B1B78012B05D93968786800F085F9C0
:10EC300003238CE07B6893F89C32DBB2022B02D07A
:10EC4000032B29D075E0444B1B78002B20D0424B7E
:10EC50001B781A467B685A603F4B1B7819467868C8
:10EC6000FEF7CDFF0346FB73FB7B002B08D0396812
:10EC7000786800F062F97B68022283F89C2265E0E4
:10EC8000786800F038FA7B68032283F89C225DE004
:10EC9000786800F030FA59E02F4B1B78002B12D126
:10ECA0007B68022283F89C222B4B1B781A467B68D8
:10ECB0005A60294B1B7819467868FEF7BCFF7868C4
:10ECC00000F019FA42E0244B1B781A467B685B6817
:10ECD0009A422AD07B685B68DBB219467868FEF7F7
:10ECE000AAFF1D4B1B781A467B685A601A4B1B788B
:10ECF00019467868FEF783FF0346FB73FB7B002B06
:10ED00000FD03968786800F018F97B685B68DBB26F
:10ED100019467868FEF78FFF7B68022283F89C22F1
:10ED200014E0786800F0E7F910E0786800F0E3F9A3
:10ED30000CE03968786800F000F9074B1B78194639
:10ED40007868FEF778FF0323FB7300BFFB7B184650
:10ED50001037BD4680BD00BFA00B002080B582B03B
:10ED600000AF786039603B68DB88012B04D03968DC
:10ED7000786800F0E2F823E07B6893F89C32DBB21D
:10ED8000022B02DC002B03DC15E0032B0BD012E07E
:10ED90007B6800229A607B680833012219467868F4
:10EDA00000F048F90CE07B680433012219467868CA
:10EDB00000F040F904E03968786800F0BEF800BF60
:10EDC00000BF0837BD4680BD80B582B000AF786017
:10EDD00039607B6893F89C32DBB2013B022B1ED872
:10EDE0003B68DB88022B04D03968786800F0A5F80E
:10EDF0001AE07B680122DA607B68D3F8A432002B2A
:10EE000005D07B68DB6843F002027B68DA607B68D0
:10EE10000C3302221946786800F00CF904E03968D6
:10EE2000786800F08AF800BF00BF0837BD4680BD93
:10EE300080B582B000AF786039603B685B88012B99
:10EE400007D17B680122C3F8A422786800F053F947
:10EE500013E03B685B88022B0BD13B689B881B0A45
:10EE60009BB2DAB27B6883F8A022786800F043F99D
:10EE700003E03968786800F060F800BF0837BD46E5
:10EE800080BD80B582B000AF786039607B6893F850
:10EE90009C32DBB2013B022B0BD83B685B88012B19
:10EEA0000CD17B680022C3F8A422786800F023F913
:10EEB00004E03968786800F040F800E000BF00BF67
:10EEC0000837BD4680BD80B584B000AF786039603A
:10EED0003B68FB60FB681A787B681A70FB6801333B
:10EEE000FB60FB681A787B685A70FB680133FB6033
:10EEF000F868FFF73DFA03461A467B685A80FB68BC
:10EF00000133FB60FB680133FB60F868FFF730FA00
:10EF100003461A467B689A80FB680133FB60FB68F6
:10EF20000133FB60F868FFF723FA03461A467B6853
:10EF3000DA8000BF1037BD4680BD80B582B000AF1B
:10EF4000786039608021786800F056FD002178688B
:10EF500000F052FD00BF0837BD4680BD80B586B0C9
:10EF600000AFF860B9607A600023FB75FB68002B86
:10EF700042D0FB683B61386900F042F80346013338
:10EF80005B00B3F5007F08D8386900F039F8034614
:10EF900001339BB25B009AB201E04FF400727B68D0
:10EFA0001A80FB7DBA6813447A6812781A70FB7D68
:10EFB0000133FB75FB7DBA68134403221A70FB7D95
:10EFC0000133FB7513E0FB7DBA6813443A6912788C
:10EFD0001A703B6901333B61FB7D0133FB75FB7D9F
:10EFE000BA68134400221A70FB7D0133FB753B693C
:10EFF0001B78002BE7D100E000BF1837BD4680BD6D
:10F0000080B485B000AF78600023FB737B68BB6081
:10F0100005E0FB7B0133FB73BB680133BB60BB685E
:10F020001B78002BF5D1FB7B18461437BD465DF8E5
:10F03000047B704780B584B000AFF860B9607A6037
:10F04000FB680222C3F89422FB687A685A61FB6865
:10F05000BA685A62FB687A689A617B68BA6800216C
:10F06000F86800F052FD002318461037BD4680BDF9
:10F0700080B584B000AFF860B9607A607B68BA6828
:10F080000021F86800F041FD002318461037BD4606
:10F0900080BD80B584B000AFF860B9607A60FB686D
:10F0A0000322C3F89422FB687A68C3F85421FB68F2
:10F0B000BA68C3F86421FB687A68C3F858217B6892
:10F0C000BA680021F86800F041FD002318461037A7
:10F0D000BD4680BD80B584B000AFF860B9607A608D
:10F0E0007B68BA680021F86800F030FD00231846FC
:10F0F0001037BD4680BD80B582B000AF78607B68B8
:10F100000422C3F89422002300220021786800F032
:10F11000FCFC002318460837BD4680BD80B582B090
:10F1200000AF78607B680522C3F894220023002298
:10F130000021786800F00AFD002318460837BD4614
:10F1400080BD000080B500AF002212491248FEF7D2
:10F15000D9FC0346002B01D0F3F746F80F490E48BF
:10F16000FEF700FD0346002B01D0F3F73DF80C49F4
:10F170000948FEF7F7FB0346002B01D0F3F734F8FC
:10F180000548FEF725FD0346002B01D0F3F72CF8C8
:10F1900000BF80BDE4000020A40B00204800002038
:10F1A000D000002080B500AF002205490548FEF7D9
:10F1B000F3FB05490348FEF711FC0023184680BD08
:10F1C00080100020A40B0020800E002080B400AF2F
:10F1D00000231846BD465DF8047B704780B483B0B9
:10F1E00000AF03463960FB711346BB80FB79232BCC
:10F1F00000F2988001A252F823F000BF25F3000826
:10F2000025F3000825F3000825F3000825F300087E
:10F2100025F3000825F3000825F3000825F300086E
:10F2200025F3000825F3000825F3000825F300085E
:10F2300025F3000825F3000825F3000825F300084E
:10F2400025F3000825F3000825F3000825F300083E
:10F2500025F3000825F3000825F3000825F300082E
:10F2600025F3000825F3000825F3000825F300081E
:10F2700025F3000825F3000825F300088DF20008A7
:10F28000D1F2000825F3000825F300083B681B783D
:10F290001A463B6801331B781B021A433B68023352
:10F2A0001B781B041A433B6803331B781B0613436C
:10F2B0001A46204B1A603B681A791E4B1A713B683C
:10F2C0005A791C4B5A713B689A791A4B9A712AE009
:10F2D000184B1B68DAB23B681A70164B1B681A0A87
:10F2E0003B680133D2B21A70124B1B681A0C3B6890
:10F2F0000233D2B21A700F4B1B681A0E3B680333ED
:10F30000D2B21A703B6804330A4A12791A703B6809
:10F310000533084A52791A703B680633054A9279D8
:10F320001A7000E000BF002318460C37BD465DF898
:10F33000047B7047C800002080B582B000AF7860C1
:10F3400039600B4B1B68002B06D0094B1B683A68D1
:10F35000126811467868984779680648FEF73EFBC0
:10F360000448FEF799FB002318460837BD4680BDC8
:10F3700080120020A40B002080B584B000AF78601C
:10F380000B467B800023FB730D4BD3F8BC32BB6074
:10F39000BB68D3F81432002B01D001230BE07B882B
:10F3A0001A4679680648FEF7F7FA0548FEF734FB77
:10F3B0000346FB73FB7B18461037BD4680BD00BF7C
:10F3C000A40B002080B487B000AFF860B96013468A
:10F3D000FB710023FB7597F9173018461C37BD46A3
:10F3E0005DF8047B7047000080B483B000AF7860A4
:10F3F000044A7B68136000BF0C37BD465DF8047B90
:10F40000704700BF8012002080B483B000AF034675
:10F410003960FB713B6812221A80034B18460C3787
:10F42000BD465DF8047B70470001002080B483B0C6
:10F4300000AF03463960FB713B6804221A80034B1E
:10F4400018460C37BD465DF8047B70471401002058
:10F4500080B582B000AF03463960FB71FB79002BA9
:10F4600005D13A6807490848FFF778FD04E03A6893
:10F4700004490548FFF772FD024B18460837BD46A0
:10F4800080BD00BF84120020C805010880B582B08D
:10F4900000AF03463960FB713A6804490448FFF73E
:10F4A0005DFD024B18460837BD4680BD8412002022
:10F4B000E005010880B582B000AF03463960FB71FA
:10F4C0003B681A221A8000F043F8024B18460837AE
:10F4D000BD4680BD1801002080B582B000AF034654
:10F4E0003960FB71FB79002B05D13A680749084860
:10F4F000FFF734FD04E03A6804490548FFF72EFDA4
:10F50000024B18460837BD4680BD00BF841200205C
:10F51000F405010880B582B000AF03463960FB7185
:10F52000FB79002B05D13A6807490848FFF716FD1B
:10F5300004E03A6804490548FFF710FD024B1846FD
:10F540000837BD4680BD00BF8412002000060108B8
:10F5500080B584B000AF0F4B1B68FB600E4B1B687F
:10F56000BB600E4B1B687B60FA687B681344FB60D2
:10F57000FB68002B09D008220949F86800F014F84C
:10F5800004220849B86800F00FF800BF1037BD46E4
:10F5900080BD00BF107AFF1F147AFF1F187AFF1F6B
:10F5A0001A0100202A01002080B487B000AFF86063
:10F5B000B9601346FB710023FB750023FB7527E040
:10F5C000FB681B0F092B0BD8FB681B0FDAB2FB7D06
:10F5D0005B001946BB680B443032D2B21A700AE0A5
:10F5E000FB681B0FDAB2FB7D5B001946BB680B445E
:10F5F0003732D2B21A70FB681B01FB60FB7D5B00E7
:10F600000133BA68134400221A70FB7D0133FB7585
:10F61000FA7DFB799A42D3D300BF00BF1C37BD46A9
:10F620005DF8047B7047000080B58AB000AF786059
:10F6300007F1140300221A605A609A60DA601A61B6
:10F640007B681B68B3F1A04F3AD100233B611E4B8E
:10F650001B6B1D4A43F0010313631B4B1B6B03F031
:10F6600001033B613B694FF4C0537B610223BB61E3
:10F670000023FB6103233B620A237B6207F114032F
:10F6800019461248F5F77EFC0F4B5B6B0E4A43F0B0
:10F69000800353630023FB600B4B5B6C0A4A43F40B
:10F6A00080435364084B5B6C03F48043FB60FB684E
:10F6B000002200214320F5F782F84320F5F79BF85C
:10F6C00000BF2837BD4680BD003802400000024020
:10F6D00080B582B000AF78607B68D3F8E0247B68A7
:10F6E00003F29C4319461046FEF7BFFA00BF0837E5
:10F6F000BD4680BD80B582B000AF78600B46FB7020
:10F700007B68D3F8E004FA7879681346DB00134489
:10F710009B000B4403F518731A68FB781946FEF733
:10F72000F9FA00BF0837BD4680BD80B582B000AF92
:10F7300078600B46FB707B68D3F8E004FA78796850
:10F740001346DB0013449B000B4420331A68FB78FC
:10F750001946FEF79BFB00BF0837BD4680BD80B54C
:10F7600082B000AF78607B68D3F8E0341846FEF7CB
:10F77000DFFC00BF0837BD4680BD80B584B000AF58
:10F7800078600123FB737B68DB79022B01D0F2F7F1
:10F790002BFD7B68D3F8E034FA7B11461846FEF760
:10F7A00083FC7B68D3F8E0341846FEF72AFC00BFE0
:10F7B0001037BD4680BD000080B582B000AF7860D4
:10F7C0007B68D3F8E0341846FEF77EFC7B681B6844
:10F7D00003F560631B687A68126802F5606243F0A3
:10F7E000010313607B68DB7A002B05D0044B1B6997
:10F7F000034A43F00603136100BF0837BD4680BDCE
:10F8000000ED00E080B582B000AF78607B68D3F88F
:10F81000E0341846FEF774FC00BF0837BD4680BDD3
:10F8200080B582B000AF78600B46FB707B68D3F880
:10F83000E034FA7811461846FEF7CCFC00BF0837D2
:10F84000BD4680BD80B582B000AF78600B46FB70CE
:10F850007B68D3F8E034FA7811461846FEF788FC46
:10F8600000BF0837BD4680BD80B582B000AF78606C
:10F870007B68D3F8E0341846FEF7DEFC00BF08379B
:10F88000BD4680BD80B582B000AF78607B68D3F89C
:10F89000E0341846FEF7DBFC00BF0837BD4680BDEC
:10F8A00080B582B000AF78607B681B78002B3CD1BC
:10F8B000204A7B68C2F8E0347B681E4AC3F8C8223D
:10F8C0001C4B4FF0A0421A601A4B04221A71194BBC
:10F8D0000222DA71174B00229A71164B02225A72D9
:10F8E000144B00229A72134B0022DA72114B002241
:10F8F0001A73104B00229A730E4B0022DA730D48D4
:10F90000F8F79EFB0346002B01D0F2F76DFC802137
:10F910000848F9F7CAFD402200210648F9F77EFDA4
:10F92000802201210348F9F779FD002318460837A2
:10F93000BD4680BD8414002080B584B000AF7860DF
:10F940000023FB730023BB737B68D3F8C8321846CF
:10F95000F8F785FC0346FB73FB7B184600F042F981
:10F960000346BB73BB7B18461037BD4680BD80B5D0
:10F9700084B000AF7860084611461A460346FB7013
:10F980000B46BB7013463B800023FB730023BB7305
:10F990007B68D3F8C802BB783A88F978F9F759F947
:10F9A0000346FB73FB7B184600F01CF90346BB7350
:10F9B000BB7B18461037BD4680BD80B584B000AF14
:10F9C00078600B46FB700023FB730023BB737B68DE
:10F9D000D3F8C832FA7811461846F9F7A4F9034665
:10F9E000FB73FB7B184600F0FDF80346BB73BB7B43
:10F9F00018461037BD4680BD80B584B000AF786032
:10FA00000B46FB700023FB730023BB737B68D3F8AA
:10FA1000C832FA7811461846F9F75CFA0346FB73C8
:10FA2000FB7B184600F0DEF80346BB73BB7B184631
:10FA30001037BD4680BD80B584B000AF78600B46FE
:10FA4000FB700023FB730023BB737B68D3F8C832C1
:10FA5000FA7811461846F9F7A0FA0346FB73FB7BC8
:10FA6000184600F0BFF80346BB73BB7B184610373F
:10FA7000BD4680BD80B485B000AF78600B46FB709A
:10FA80007B68D3F8C832FB6097F90330002B0BDAA0
:10FA9000FB7803F07F02F9681346DB0013449B00F8
:10FAA0000B4416331B780BE0FB7803F07F02F968F8
:10FAB0001346DB0013449B000B4403F256231B78D0
:10FAC00018461437BD465DF8047B704780B584B096
:10FAD00000AF78600B46FB700023FB730023BB7301
:10FAE0007B68D3F8C832FA7811461846F9F78DF8D2
:10FAF0000346FB73FB7B184600F074F80346BB73A8
:10FB0000BB7B18461037BD4680BD80B586B000AFC0
:10FB1000F8607A603B600B46FB720023FB750023A4
:10FB2000BB75FB68D3F8C802F97A3B687A68F9F7C5
:10FB300097F90346FB75FB7D184600F053F8034622
:10FB4000BB75BB7D18461837BD4680BD80B586B0F5
:10FB500000AFF8607A603B600B46FB720023FB75D8
:10FB60000023BB75FB68D3F8C802F97A3B687A6852
:10FB7000F9F723F90346FB75FB7D184600F032F8D0
:10FB80000346BB75BB7D18461837BD4680BD80B5A2
:10FB900082B000AF78600B46FB707B68D3F8C83248
:10FBA000FA7811461846F9F743F90346184608371C
:10FBB000BD4680BD80B483B000AF7860034B18466B
:10FBC0000C37BD465DF8047B704700BF6819002004
:10FBD00080B483B000AF786000BF0C37BD465DF8DD
:10FBE000047B704780B485B000AF0346FB710023EF
:10FBF000FB73FB79032B17D801A252F823F000BF47
:10FC000011FC000817FC00081DFC000823FC00087C
:10FC10000023FB730BE00323FB7308E00123FB735A
:10FC200005E00323FB7302E00323FB7300BFFB7BB0
:10FC300018461437BD465DF8047B70470CB430B5E8
:10FC4000184B0C1E1D689DB008DA8B232B604FF0FB
:10FC5000FF301DB0BDE8304002B070474FF4027372
:10FC6000ADF814304FF000031B9314BF04F1FF33C1
:10FC70002346049307934FF6FF7302900690ADF866
:10FC80001630209A21AB02A92846019300F0A2F970
:10FC9000431CBCBF8B232B60002CDAD0029B0022BC
:10FCA0001A70D6E73401002002440346934200D183
:10FCB000704703F8011BF9E7014B1868704700BF54
:10FCC0003401002070B50D4D0D4C641BA4100026AE
:10FCD000A64209D10B4D0C4C00F064FC641BA4102F
:10FCE0000026A64205D170BD55F8043B9847013661
:10FCF000EEE755F8043B98470136F2E75C1B010834
:10FD00005C1B01085C1B0108601B01087047704701
:10FD10000A44914200F1FF3300D1704710B511F849
:10FD2000014B03F8014F9142F9D110BD38B505469A
:10FD3000002941D051F8043C0C1F002BB8BFE41837
:10FD400000F0E0F81D4A136833B963601460284678
:10FD5000BDE8384000F0DCB8A34208D9206821187B
:10FD60008B4201BF19685B6809182160EDE71A46EC
:10FD70005B680BB1A342FAD911685018A0420BD1AD
:10FD800020680144501883421160E0D118685B6814
:10FD9000536008441060DAE702D90C232B60D6E7E1
:10FDA000206821188B4204BF19685B68636004BF38
:10FDB000091821605460CAE738BD00BFCC1C002080
:10FDC00070B50F4E0C463168054611B900F0A4FB22
:10FDD00030602146284600F09FFB431C03D14FF0C2
:10FDE000FF34204670BDC41C24F00304A042F8D0A8
:10FDF000211A284600F090FB0130F2D1EFE700BF56
:10FE0000C81C00202DE9F843CD1C25F0030508355A
:10FE10000C2D38BF0C25002D064601DBA94204D964
:10FE20000C2333600020BDE8F883DFF8D48000F0B5
:10FE300069F8D8F800301C4644BB29463046FFF725
:10FE4000BFFF431C044658D1D8F800402746002F76
:10FE500043D1002C4BD023683946304604EB0309CC
:10FE600000F05AFB814542D121686D1A294630467F
:10FE7000FFF7A6FF01303AD023682B442360D8F85F
:10FE800000305A6862BBC8F800700FE02268521B4D
:10FE900020D40B2A17D96119A342256018BF5960D5
:10FEA000636808BFC8F8001062514B60304600F02C
:10FEB0002FF804F10B00231D20F00700C21A1CBF0D
:10FEC0001B1AA350AFE76268A3420CBFC8F800201A
:10FED0005A60EBE723466468AEE73C467F68B6E7C6
:10FEE0001A465B68A342FBD100235360DEE70C2374
:10FEF0003360304600F00CF894E70560D6E700BFA9
:10FF0000CC1C00200148FFF701BF00BFC41C00202B
:10FF10000148FFF7FCBE00BFC41C00202DE9F047DC
:10FF20008E681F46BE420B6882460C4690462DD80E
:10FF3000B1F90C2012F4906F26D06569096905EBC0
:10FF40004505A3EB010905EBD5757B1C4B446D10F2
:10FF50009D4238BF1D46530527D52946FFF752FF5E
:10FF6000064660B321694A46FFF7D2FEA38923F40F
:10FF7000906343F08003A381266165614E44A5EB45
:10FF800009052660A5603E46BE4200D93E4620686F
:10FF90003246414600F0A6FAA3689B1BA360236883
:10FFA000334423600020BDE8F0872A4600F0C4FAFD
:10FFB00006460028E0D121695046FFF7B7FE0C2322
:10FFC000CAF80030A38943F04003A3814FF0FF300B
:10FFD000E9E700002DE9F04F98468B891B069DB09C
:10FFE00007460D46144610D50B6973B94021FFF73B
:10FFF00009FF2860286130B90C233B604FF0FF30C7
:020000040801F1
:100000001DB0BDE8F08F40236B61002309932023CE
:100010008DF82930CDF80C803023DFF89C818DF8E5
:100020002A304FF0010923469A4613F8012B0AB1F2
:10003000252AF9D1BAEB040B0BD05B4622462946A0
:100040003846FFF76BFF013000F0A780099A5A4449
:1000500009929AF80030002B00F09F8000234FF0A7
:10006000FF32CDE905230AF1010A049307938DF8C5
:1000700053301A935446052214F8011B4E48F0F7EA
:10008000AFF8049AD8B9D00644BF20238DF8533076
:10009000110744BF2B238DF853309AF800302A2BD8
:1000A00015D0079A544600204FF00A0C214611F84B
:1000B000013B303B092B4BD9B0B1079214E0A0EBC8
:1000C000080309FA03F313430493A246D2E7039B00
:1000D000191D1B680391002BBBBF5B4242F002025B
:1000E00007930793B8BF049223782E2B0AD1637825
:1000F0002A2B32D1039B1A1D1B68039243EAE37338
:1001000002340593DFF8C0A0217803225046F0F7AF
:1001100067F838B1049BA0EB0A00402282401343E9
:100120000134049314F8011B24488DF8281006228A
:10013000F0F756F8002836D0214B1BBB039B073342
:1001400023F0070308330393099B334409936AE7B9
:100150000CFB02320C460120A8E700230134059372
:1001600019464FF00A0C204610F8012B303A092AA4
:1001700003D9002BC6D00591C4E70CFB012104462E
:100180000123F0E703AB00932A460E4B04A938463F
:10019000AFF30080421C0646D6D1AB895B063FF523
:1001A0002DAF09982CE703AB00932A46054B04A911
:1001B000384600F079F8EDE7201B01082A1B0108FA
:1001C000000000001DFF0008261B01082DE9F04774
:1001D000164698468A680B69DDF820909342B8BFAE
:1001E0001346336091F8432007460C460AB10133A9
:1001F00033602368990642BF336802333360256851
:1002000015F0060506D104F1190AE36832689B1A55
:10021000AB4226DC94F843302268003B18BF012330
:1002200092062BD404F1430241463846C8470130B8
:100230001ED02368226903F00603042B02BFE56881
:100240003368ED1AA3680CBF25EAE57500259342D3
:10025000C4BF9B1AED1800261A34B5421AD10020EB
:1002600008E00123524641463846C847013003D1D1
:100270004FF0FF30BDE8F0870135C6E7E1185A1CA2
:10028000302081F84300224494F8451082F843104E
:100290000233C7E70123224641463846C8470130AA
:1002A000E6D00136D9E700002DE9FF470F7E0C9E0E
:1002B000782F914680460C469A4601F1430207D8B2
:1002C000622F0AD8002F00F0D180582F00F0B8809C
:1002D00004F1420684F842703AE0A7F16303152B5B
:1002E000F6D801A151F823F0410301085503010894
:1002F000D1020108D1020108D1020108D10201088E
:1003000055030108D1020108D1020108D1020108F8
:10031000D1020108530401087F0301080D040108FC
:10032000D1020108D102010875040108D1020108B7
:100330007F030108D1020108D10201081504010858
:1003400033681A1D1B68326004F1420684F842309B
:1003500001239CE033682068191D3160060601D531
:100360001D6803E04506FBD5B3F90050002D03DA04
:100370002D236D4284F8433058480A2311E0216848
:100380003368080653F8045B02D4490648BFADB28F
:100390006F2F5248336014BF0A230823002184F8CA
:1003A00043106668A660002E05DB21682E4321F00D
:1003B000040121604BD01646B5FBF3F103FB115746
:1003C000C75D06F8017D2F46BB420D46F4D9082BC8
:1003D0000BD12368DF0708D5236961689942DEBF26
:1003E000302306F8013C06F1FF36921B2261CDF85E
:1003F00000A04B4603AA21464046FFF7E7FE013026
:100400004AD14FF0FF3004B0BDE8F087236843F0D5
:10041000200323603248782784F8457023683168C8
:100420001F0651F8045B02D45F0648BFADB23160CD
:10043000D90744BF43F0200323601DB11023ADE76B
:100440002648E9E7236823F020032360F6E71646F1
:10045000BDE7336825686169181D30602E061B688A
:1004600001D5196002E06806FBD5198000232361DD
:100470001646BCE733681A1D32601E6862680021A8
:100480003046EFF7ADFE08B1801B60606368236102
:10049000002384F84330AAE72369324649464046A0
:1004A000D0470130ADD023689B0713D4E068039B8D
:1004B0009842B8BF1846A6E701233246494640464F
:1004C000D04701309DD00135E36803995B1AAB42F8
:1004D000F2DCEBE7002504F11906F5E7311B010812
:1004E000421B0108884210B501EB020402D9844284
:1004F000234607D8431EA14208D011F8012B03F868
:10050000012FF8E7024401468A4200D110BD13F8DA
:10051000014D02F8014DF7E738B5064D00230446BA
:1005200008462B60F2F7BCFF431C02D12B6803B1D5
:10053000236038BDC01C00202DE9F0410746144659
:100540000D4621B9BDE8F0411146FFF75BBC2AB961
:10055000FFF7ECFB25462846BDE8F08100F01AF8CD
:100560008442064602D8B4EB500FF4D821463846F0
:10057000FFF748FC804608B94546ECE7B4422246FE
:10058000294628BF3246FFF7C3FB29463846FFF706
:10059000CDFBF1E751F8043C181F002BBCBF0B58F2
:1005A000C0187047F8B500BFF8BC08BC9E4670473D
:0C05B000F8B500BFF8BC08BC9E467047C0
:1005BC0041434300475952002564000053544D33C6
:1005CC0032205669727475616C20436F6D506F7276
:1005DC007400000053544D6963726F656C656374ED
:1005EC00726F6E696373000043444320436F6E6601
:1005FC006967000043444320496E74657266616309
:10060C006500000000000000000000000000000079
:10061C00000000000000000000100010001000108E
:10062C00001000100000001000000000002800283E
:10063C000028000000000000000000000000000086
:10064C0000240024007C00240048007C0048004862
:10065C000000000000380054005000380014005412
:10066C0000540038001000000020005400580030E6
:10067C00002800540014000800000000001000289E
:10068C00002800100034004800480034000000002E
:10069C00001000100010000000000000000000001E
:1006AC0000000000000800100020002000200020A6
:1006BC000020002000100008002000100008000896
:1006CC000008000800080008001000200010003886
:1006DC0000100028000000000000000000000000D6
:1006EC000000000000100010007C00100010000042
:1006FC0000000000000000000000000000000000EE
:10070C0000000010001000100000000000000000AD
:10071C000000003800000000000000000000000095
:10072C0000000000000000000000001000000000AD
:10073C00000800080010001000100010002000201D
:10074C000000000000380044004400540044004401
:10075C000044003800000000001000300050001071
:10076C0000100010001000100000000000380044C1
:10077C0000440004000800100020007C0000000071
:10078C000038004400040018000400040044003841
:10079C000000000000080018002800280048007C19
:1007AC000008000800000000007C004000400078B9
:1007BC00000400040044003800000000003800442D
:1007CC000040007800440044004400380000000061
:1007DC00007C000400080010001000200020002005
:1007EC00000000000038004400440038004400447D
:1007FC00004400380000000000380044004400446D
:10080C00003C000400440038000000000000000020
:10081C0000100000000000000000001000000000AC
:10082C00000000000000001000000000000000109C
:10083C000010001000000000000C003000400030E0
:10084C00000C000000000000000000000000007C14
:10085C000000007C00000000000000000000000010
:10086C000060001800040018006000000000000088
:10087C0000380044000400080010001000000010B4
:10088C000000000000380044004C0054005C0040A4
:10089C00004000380000000000100028002800284C
:1008AC000028007C00440044000000000078004454
:1008BC00004400780044004400440078000000002C
:1008CC000038004400400040004000400044003824
:1008DC000000000000700048004400440044004444
:1008EC000048007000000000007C00400040007CCC
:1008FC00004000400040007C00000000007C0040F4
:10090C000040007800400040004000400000000023
:10091C000038004400400040005C004400440038B3
:10092C0000000000004400440044007C00440044EB
:10093C0000440044000000000038001000100010BB
:10094C00001000100010003800000000000400042B
:10095C0000040004000400040044003800000000FF
:10096C00004400480050006000500048004800441B
:10097C0000000000004000400040004000400040EB
:10098C000040007C000000000044006C006C00542F
:10099C000044004400440044000000000044006493
:1009AC00006400540054004C004C00440000000053
:1009BC000038004400440044004400440044003823
:1009CC00000000000078004400440044007800401F
:1009DC000040004000000000003800440044004487
:1009EC000044004400540038000400000078004427
:1009FC000044004400780048004800440000000017
:100A0C000038004400400030000800040044003866
:100A1C0000000000007C00100010001000100010FE
:100A2C00001000100000000000440044004400448A
:100A3C00004400440044003800000000004400441E
:100A4C0000440028002800280010001000000000BE
:100A5C0000440044005400540054006C002800284A
:100A6C00000000000044002800280010001000289E
:100A7C000028004400000000004400440028002826
:100A8C00001000100010001000000000007C00049A
:100A9C0000080010001000200040007C0000000046
:100AAC0000180010001000100010001000100010B2
:100ABC000010001800200020001000100010001082
:100ACC0000080008000000000030001000100010AA
:100ADC000010001000100010001000300010002852
:100AEC00002800440000000000000000000000008E
:100AFC0000000000000000000000000000000000EA
:100B0C00000000FE002000100000000000000000AB
:100B1C00000000000000000000000000003800444D
:100B2C00003C0044004C0034000000000040004039
:100B3C0000580064004400440064005800000000A9
:100B4C000000000000380044004000400044003821
:100B5C0000000000000400040034004C0044004479
:100B6C00004C00340000000000000000003800447D
:100B7C00007C00400044003800000000000C001015
:100B8C00007C00100010001000100010000000008D
:100B9C00000000000034004C00440044004C0034C1
:100BAC0000040078004000400058006400440044F9
:100BBC000044004400000000001000000070001011
:100BCC0000100010001000100000000000100000C9
:100BDC00007000100010001000100010001000E059
:100BEC0000400040004800500060005000480044A5
:100BFC000000000000700010001000100010001029
:100C0C0000100010000000000000000000780054EC
:100C1C000054005400540054000000000000000078
:100C2C0000580064004400440044004400000000EC
:100C3C000000000000380044004400440044003828
:100C4C000000000000000000005800640044004454
:100C5C000064005800400040000000000034004CCC
:100C6C0000440044004C0034000400040000000068
:100C7C0000580064004000400040004000000000AC
:100C8C000000000000380044003000080044003828
:100C9C000000000000200020007800200020002030
:100CAC000020001800000000000000000044004478
:100CBC0000440044004C0034000000000000000020
:100CCC000044004400280028002800100000000008
:100CDC0000000000005400540054006C0028002850
:100CEC00000000000000000000440028001000106C
:100CFC0000280044000000000000000000440044F4
:100D0C0000280028001000100010006000000000F7
:100D1C00007C0008001000200040007C0000000057
:100D2C00001800100010001000200020001000100F
:100D3C00001000180010001000100010001000101F
:100D4C0000100010001000100030001000100010F7
:100D5C000008000800100010001000300000000017
:100D6C0000000074004C00000000000000000000B7
:100D7C000000000000000000000000000000000067
:100D8C000000000000000000000000000000000057
:100D9C00000000000000000C000C000C000C000C0B
:100DAC00000C000C000C000C000C000C0000000CE3
:100DBC00000C0000000000000000001B001B001BCA
:100DCC00001B001B000000000000000000000000E1
:100DDC00000000000000000000000000000080196E
:100DEC00801980198019C07FC07F80190033C07FA3
:100DFC00C07F0033003300330033000000000000DC
:100E0C000000001E003F807580650074003C001ED1
:100E1C0000078005806580658075003F001E00041A
:100E2C00000400000000007000D840D8C0D880D961
:100E3C0000730006000C801BC036C066C046C0069E
:100E4C0080030000000000000000001E003F003383
:100E5C0000330033001E000CC03CC0668063806110
:100E6C008063C03E801C0000000000000000000CED
:100E7C00000C000C000C000C000000000000000036
:100E8C000000000000000000000000000000000056
:100E9C00800000010003000600060004000C000C9A
:100EAC00000C000C000C000C0004000600060003F3
:100EBC0000018000002000100018000C000C000441
:100ECC000006000600060006000600060004000CE2
:100EDC00000C0018001000200000000C002D003F3A
:100EEC00001E0033000000000000000000000000A5
:100EFC0000000000000000000000000000000000E6
:100F0C000000000C000C000C000CC0FFC0FF000C1B
:100F1C00000C000C000C00000000000000000000A1
:100F2C0000000000000000000000000000000000B5
:100F3C0000000000000000000000000C000C000489
:100F4C000004000800000000000000000000000089
:100F5C00000000000000001E001E00000000000049
:100F6C000000000000000000000000000000000075
:100F7C000000000000000000000000000000000065
:100F8C000000000C000C000000000000000000033A
:100F9C00000300030006000600060006000C000C0F
:100FAC00000C000C001800180018000000000000D5
:100FBC000000001E003F0033806180618061806D05
:100FCC00806D8061806180610033003F001E0000F5
:100FDC000000000000000006000E001E0036002677
:100FEC0000060006000600060006000600060006C5
:100FFC0000060000000000000000001E003F80738F
:10100C0080618061800100030006000C0018003034
:10101C000060807F807F0000000000000000001C4A
:10102C00003E006300630003000E000E000380010D
:10103C00800180618073003F001E000000000000F2
:10104C0000000006000E000E001E001E00160036EA
:10105C0000360066807F807F0006000600060000D8
:10106C00000000000000007F007F00600060006056
:10107C00006E007F80638001800180618073003F7F
:10108C00001E0000000000000000001E003F803326
:10109C0080610060006E007F807380618061806180
:1010AC008033003F001E0000000000000000807F25
:1010BC00807F80010003000300060006000C000C7A
:1010CC00000C0008001800180018000000000000B8
:1010DC000000001E003F8063806180610021001EC3
:1010EC00003F8061806180618061003F001E0000D4
:1010FC00000000000000001E003F00738061806152
:10110C0080618073803F801D800180610073003F8F
:10111C00001E0000000000000000000000000000A5
:10112C000000000C000C000000000000000000009B
:10113C000000000C000C000000000000000000008B
:10114C000000000000000000000C000C000000007B
:10115C00000000000000000C000C0004000400085B
:10116C00000000000000000080008003000E00382A
:10117C0000600038000E80038000000000000000BA
:10118C000000000000000000000000000000807F54
:10119C00807F00000000807F807F00000000000046
:1011AC000000000000000000000000000000000033
:1011BC0000400070001C000780010007001C00703C
:1011CC000040000000000000000000000000001FB4
:1011DC00803FC071C060C000C00180030007000EDA
:1011EC00000C000C0000000C000C000000000000C3
:1011FC000000001E003F803180718063806F806D25
:10120C00806D806F806700600032003E001C000023
:10121C00000000000000000E000E001B001B001B55
:10122C00001B80318031803F803F8031C060C060C6
:10123C00C0600000000000000000007C007E006325
:10124C00006300630063007E007E00638061806148
:10125C008063007F007E0000000000000000001E84
:10126C00003F8031806100600060006000600060C1
:10127C00006080618031003F001E00000000000013
:10128C000000007C007F006380638061806180616E
:10129C0080618061806100630063007E007C0000DF
:1012AC00000000000000807F807F00600060006014
:1012BC000060007F007F0060006000600060807F45
:1012CC00807F0000000000000000807F807F0060B5
:1012DC00006000600060007F007F006000600060C4
:1012EC000060006000600000000000000000001EB4
:1012FC00003F80318061006000600060806380632B
:10130C00806180618031803F001E00000000000081
:10131C000000806180618061806180618061807F7C
:10132C00807F80618061806180618061806100006C
:10133C00000000000000003F003F000C000C000CFF
:10134C00000C000C000C000C000C000C000C003FFE
:10135C00003F0000000000000000800180018001BF
:10136C0080018001800180018001800180618061A9
:10137C008073003F001E0000000000000000C060F1
:10138C008061006300660066006C0078007C00667B
:10139C000066006380618061C06000000000000096
:1013AC000000006000600060006000600060006091
:1013BC0000600060006000600060807F807F000043
:1013CC00000000000000C071C071C07BC07AC06A10
:1013DC00C06AC06EC064C060C060C060C060C060E5
:1013EC00C0600000000000000000807180718079F6
:1013FC0080798079806D806D806D80658067806775
:10140C008067806380630000000000000000001E05
:10141C00003F003380618061806180618061806108
:10142C00806180610033003F001E0000000000005E
:10143C000000007E007F806380618061806180633A
:10144C00007F007E006000600060006000600000B3
:10145C00000000000000001E003F0033806180612E
:10146C008061806180618061806580670033803F2E
:10147C00401E0000000000000000007E007F806322
:10148C00806180618063007F007E00660063006382
:10149C0080618061C0600000000000000000000E50
:1014AC00001F8031803100300038001E000780039F
:1014BC00806180618031003F001E00000000000050
:1014CC000000C0FFC0FF000C000C000C000C000C56
:1014DC00000C000C000C000C000C000C000C0000AC
:1014EC00000000000000806180618061806180618B
:1014FC008061806180618061806180618073003F68
:10150C00001E0000000000000000C060C060C06051
:10151C00803180318031001B001B001B001B000E32
:10152C00000E000E00040000000000000000C0C00F
:10153C00C0C0C0C0C0C0C0C0C0CC804C804C805E9D
:10154C008052805280738061806100000000000036
:10155C000000C0C0806080610033003B001E000CA6
:10156C00000C001E001F003B80718061C0C0000099
:10157C00000000000000C0C08061806100330033B7
:10158C00001E001E000C000C000C000C000C000CCB
:10159C00000C0000000000000000803F803F800134
:1015AC00000300030006000C000C001800180030AB
:1015BC000060807F807F000000000000000F000FA3
:1015CC00000C000C000C000C000C000C000C000CAF
:1015DC00000C000C000C000C000C000C000F000F99
:1015EC000000001800180018000C000C000C000C77
:1015FC0000060006000600060003000300030000BE
:10160C0000000000001E001E00060006000600067A
:10161C00000600060006000600060006000600068E
:10162C0000060006001E001E0000000C000C001E30
:10163C000012003300338061806100000000000064
:10164C00000000000000000000000000000000008E
:10165C00000000000000000000000000000000007E
:10166C00000000000000000000000000E0FF00008F
:10167C00000000380018000C000000000000000002
:10168C00000000000000000000000000000000004E
:10169C000000000000000000000000000000001F1F
:1016AC00803F80618001801F803F80618063807FEC
:1016BC00C038000000000000000000600060006006
:1016CC000060006E007F807380618061806180614A
:1016DC008073007F006E000000000000000000001E
:1016EC00000000000000001E003F8073806100605D
:1016FC00006080618073003F001E0000000000004D
:10170C0000008001800180018001801D803F80737A
:10171C0080618061806180618073803F801D0000EA
:10172C000000000000000000000000000000001E8F
:10173C00003F00738061807F807F00608071003F7C
:10174C00001E0000000000000000C007C00F000CCD
:10175C00000C807F807F000C000C000C000C000C37
:10176C00000C000C000C0000000000000000000049
:10177C0000000000801D803F80738061806180616B
:10178C0080618073803F801D80018063007F003EFC
:10179C0000000060006000600060006F807F80715E
:1017AC008061806180618061806180618061000006
:1017BC000000000000000006000600000000003ED3
:1017CC00003E0006000600060006000600060006A5
:1017DC0000060000000000000006000600000000EB
:1017EC00003E003E0006000600060006000600064D
:1017FC000006000600060046007E003C000000606B
:10180C00006000600060806100630066006C007C1A
:10181C000076006300638061C0600000000000007F
:10182C000000003E003E0006000600060006000612
:10183C000006000600060006000600060006000072
:10184C00000000000000000000000000000080DD2F
:10185C00C0FFC0CEC0CCC0CCC0CCC0CCC0CCC0CCE7
:10186C00C0CC0000000000000000000000000000E0
:10187C000000006F807F8071806180618061806179
:10188C0080618061806100000000000000000000A9
:10189C00000000000000001E003F8073806180612A
:1018AC00806180618073003F001E0000000000001A
:1018BC000000000000000000006E007F807380615B
:1018CC008061806180618073007F006E00600060C9
:1018DC00006000600000000000000000801D803FE0
:1018EC00807380618061806180618073803F801D26
:1018FC0080018001800180010000000000000000D8
:10190C0000000067803F00390030003000300030AC
:10191C00003000300030000000000000000000002B
:10192C00000000000000001E803F80610060007F0E
:10193C00803F80018061007F001E000000000000DD
:10194C0000000000000800180018007F007F00183D
:10195C0000180018001800180018801F800F0000D5
:10196C00000000000000000000000000000080618A
:10197C008061806180618061806180618063807F33
:10198C00803D00000000000000000000000000008E
:10199C000000C060803180318031001B001B001BB7
:1019AC00000E000E00060000000000000000000009
:1019BC0000000000000080DD80DD80DD005500555A
:1019CC000055007700770022002200000000000084
:1019DC0000000000000000000000806100330033B4
:1019EC00001E000C000C001E003300338061000050
:1019FC000000000000000000000000008061806119
:101A0C00803100330033001B001B001B000E000E46
:101A1C00000E001C007C00700000000000000000A4
:101A2C000000C07FC07F800100030006000C00187E
:101A3C000030C07FC07F00000000000080038007E2
:101A4C0000060006000600060006000E001C001C26
:101A5C00000E000600060006000600068007800344
:101A6C00000600060006000600060006000600063A
:101A7C00000600060006000600060006000600062A
:101A8C00000600060038003C000C000C000C000C9A
:101A9C00000C000E00070007000E000C000C000CE0
:101AAC00000C000C003C003800000000000000009E
:101ABC000000000000008038807F0047000000001C
:101ACC00000000000000000000000000070A0000F9
:101ADC0010060108000000000B1200007C0D01082C
:101AEC000000000045583130303932337630310A3D
:101AFC0000000000000000000000000001020304D0
:101B0C000607080900000000010203040006101675
:101B1C0000061016232D302B2000686C4C006566D7
:101B2C006745464700303132333435363738394122
:101B3C004243444546003031323334353637383938
:081B4C0061626364656600003C
:081B54008CE6FE7F0100000099
:041B5C00C5010008B7
:041B6000A1010008D7
:101B64005555555501000000800001025F0000003A
:101B740005000000000A14285F01000015000000A1
:101B8400080A152A5F0500000A0205010100000089
:101B94000024F40010000000010000000A06000206
:101BA400000000400100000065D1000855D3000882
:101BB40059D40008000000007FD7000811D600089F
:101BC4000FD7000800000000000000000000000023
:101BD40065D80008F5D70008D5D8000845D900080D
:101BE40009024300020100C032090400000102029C
:101BF400010005240010010524010001042402024F
:101C040005240600010705820308001009040100E9
:101C1400020A0000000705010240000007058102D6
:101C2400400000810182000000C2010000000800A1
:101C3400A5F10008CDF10008DDF1000839F3000832
:101C4400C5F3000809F400082DF400088DF4000819
:101C540051F40008B5F40008D9F4000815F500089B
:101C640012010002020200408304405700020102F4
:101C740003010000040309041A030000000000002B
:101C84000000000000000000000000000000000050
:101C9400000000003801002000000000881B002024
:101CA400F01B0020581C0020000000000000000071
:101CB4000000000000000000000000000000000020
:101CC4000000000000000000000000000000000010
:101CD4000000000000000000000000000000000000
:041CE40000000000FC
:0400000508003A496C
:00000001FF
